4,28/04/2018 00:10:59,27.65,1090.4,45.17
5,28/04/2018 02:55:30,27.28,1089.5,45.15
6,28/04/2018 05:38:23,26.96,1087.6,45.18
7,28/04/2018 08:38:50,26.66,1087.4,45.14
8,28/04/2018 11:35:36,27.03,1087.4,45.20
9,28/04/2018 13:55:03,27.63,1091,45.14
10,28/04/2018 16:22:01,28.52,1091.9,45.24
11,28/04/2018 19:26:04,28.39,1091.6,45.23
12,28/04/2018 22:25:13,28.02,1091.4,45.18
13,29/04/2018 01:16:20,27.77,1091.2,45.15
14,29/04/2018 03:56:25,27.4,1090,45.15
15,29/04/2018 06:31:35,27.13,1087.9,45.19
16,29/04/2018 09:12:03,26.92,1087.9,45.16
17,29/04/2018 11:36:06,27.28,1088.6,45.19
18,29/04/2018 13:42:30,27.9,1091.4,45.16
19,29/04/2018 15:56:49,28.64,1091.6,45.27
20,29/04/2018 18:30:14,28.64,1092.9,45.21
21,29/04/2018 21:03:22,28.52,1092.9,45.19
22,29/04/2018 23:39:42,28.27,1091.5,45.21
23,30/04/2018 02:21:02,28.14,1091.4,45.20
24,30/04/2018 04:43:30,27.99,1091.4,45.18
25,30/04/2018 07:12:33,27.77,1091.2,45.15
26,30/04/2018 09:47:37,27.77,1091,45.16
27,30/04/2018 12:41:02,28.14,1091.4,45.20
28,30/04/2018 14:42:33,27.9,1091.4,45.16
29,30/04/2018 16:57:19,27.49,1090.5,45.14
30,30/04/2018 19:17:54,27.77,1091.4,45.14
31,30/04/2018 21:55:59,27.65,1091.3,45.13
32,01/05/2018 00:38:40,27.65,1090.6,45.16
33,01/05/2018 03:12:37,27.4,1090.6,45.12
34,01/05/2018 05:54:46,27.28,1088.8,45.18
35,01/05/2018 08:58:58,27.16,1088,45.19
36,01/05/2018 11:41:10,27.28,1089.4,45.15
37,01/05/2018 14:23:59,26.91,1087.5,45.18
38,01/05/2018 17:12:57,26.79,1087.4,45.16
39,01/05/2018 20:11:35,26.54,1087.4,45.12
40,01/05/2018 23:07:04,26.29,1087.4,45.09
41,02/05/2018 01:48:30,26.17,1087.2,45.08
42,02/05/2018 04:25:12,25.92,1085.5,45.11
43,02/05/2018 07:16:33,25.55,1084.9,45.08
44,02/05/2018 09:52:26,24.44,1082.3,45.02
45,02/05/2018 13:09:31,25.3,1083.5,45.10
46,02/05/2018 15:39:01,26.43,1087.2,45.12
47,02/05/2018 18:41:29,25.92,1086,45.09
48,02/05/2018 21:39:09,26.07,1085.3,45.14
49,03/05/2018 00:30:16,25.8,1085.1,45.11
50,03/05/2018 03:34:47,25.3,1083.5,45.10
51,03/05/2018 06:41:07,25.18,1083.5,45.08
52,03/05/2018 09:30:05,24.93,1083.1,45.06
53,03/05/2018 12:26:12,27.16,1088.4,45.18
54,03/05/2018 15:32:43,26.96,1089.5,45.10
55,03/05/2018 18:52:39,26.91,1087.4,45.18
56,03/05/2018 22:24:00,26.79,1087.4,45.16
57,04/05/2018 01:33:15,26.41,1087.4,45.11
58,04/05/2018 05:00:01,25.92,1086.7,45.06
59,04/05/2018 08:45:12,24.93,1083.5,45.04
60,04/05/2018 12:37:09,26.41,1087.4,45.11
61,04/05/2018 15:37:31,26.84,1087.8,45.15
62,04/05/2018 19:18:42,26.91,1087.4,45.18
63,04/05/2018 22:58:06,27.01,1087.5,45.19
64,05/05/2018 02:31:52,26.91,1087.4,45.18
65,05/05/2018 06:21:38,26.6,1087.4,45.13
66,05/05/2018 10:20:35,26.78,1087.4,45.16
67,05/05/2018 13:56:29,27.03,1087.6,45.19
68,05/05/2018 18:03:15,27.15,1087.6,45.21
69,05/05/2018 22:09:40,26.94,1087.4,45.18
70,06/05/2018 02:05:39,26.79,1087.4,45.16
71,06/05/2018 06:38:08,26.58,1087.3,45.13
72,06/05/2018 10:55:29,26.79,1087.4,45.16
73,06/05/2018 15:03:16,26.96,1087.6,45.18
74,06/05/2018 19:55:33,26.68,1087.4,45.15
75,07/05/2018 01:09:22,26.47,1087.4,45.11
76,07/05/2018 06:38:48,25.8,1085.9,45.08
77,07/05/2018 12:22:47,25.55,1083.5,45.14
78,07/05/2018 19:53:55,26.05,1086.2,45.10
79,08/05/2018 01:19:01,25.92,1086.1,45.09
80,08/05/2018 06:49:54,25.43,1083.5,45.12
81,08/05/2018 12:33:06,25.3,1083.5,45.10
82,08/05/2018 17:51:24,26.29,1087.4,45.09
83,09/05/2018 00:22:33,26.08,1087.3,45.06
84,09/05/2018 06:41:20,25.55,1083.5,45.14
85,09/05/2018 13:06:09,26.41,1087.4,45.11
86,09/05/2018 17:25:08,25.3,1084.5,45.06
87,10/05/2018 01:43:17,26.29,1087.4,45.09
88,10/05/2018 07:13:17,26.05,1086.2,45.10
89,10/05/2018 09:28:43,26.17,1086.6,45.10
90,10/05/2018 15:53:28,22.94,1075.9,45.06
91,11/05/2018 00:45:32,25.68,1084,45.14
92,11/05/2018 09:43:30,25.3,1083.7,45.09
93,12/05/2018 00:30:00,25.3,1083.7,45.09
94,12/05/2018 08:49:43,24.69,1083.5,45.01
95,12/05/2018 14:00:45,25.3,1083.5,45.10
96,12/05/2018 14:02:57,25.3,1083.5,45.10
97,12/05/2018 14:06:23,25.3,1083.9,45.08
98,12/05/2018 14:08:28,25.3,1083.5,45.10
99,12/05/2018 14:16:54,25.3,1083.5,45.10
100,12/05/2018 17:01:40,25.55,1085,45.08
101,13/05/2018 04:04:58,23.62,1080,44.99
102,13/05/2018 12:04:49,23.7,1079.6,45.02
103,13/05/2018 14:41:14,24.19,1081.8,45.00
104,14/05/2018 01:38:55,23.34,1079.6,44.97
105,14/05/2018 03:52:52,23.35,1079.6,44.97
106,14/05/2018 13:45:47,23.95,1079.6,45.06
107,15/05/2018 15:27:27,23.06,1078.1,44.99
108,16/05/2018 02:45:53,23.57,1079.6,45.00
109,17/05/2018 19:26:36,21.97,1075.6,44.92
110,18/05/2018 14:42:19,21.1,1072.9,44.90
111,18/05/2018 16:07:57,21.09,1075.6,44.79
112,20/05/2018 05:25:27,18.51,1067.7,44.73
113,22/05/2018 16:30:57,19.5,1071.3,44.73
114,22/05/2018 16:51:08,20.37,1071.7,44.84
115,24/05/2018 02:12:04,18.76,1067.7,44.76
116,24/05/2018 12:26:30,17.77,1064.4,44.75
117,25/05/2018 00:59:37,18.64,1067.9,44.74
118,25/05/2018 10:01:31,16.66,1063.7,44.61
119,25/05/2018 12:47:33,18.27,1067.4,44.70
120,26/05/2018 01:14:04,19.13,1069.2,44.76
121,26/05/2018 07:22:17,19.1,1068.5,44.78
122,26/05/2018 11:15:51,19.38,1070.4,44.75
123,26/05/2018 15:48:27,20,1071.5,44.79
124,26/05/2018 16:57:28,21.11,1073.2,44.89
125,26/05/2018 18:24:26,21.35,1075.6,44.83
126,26/05/2018 19:44:43,21.35,1075.5,44.83
127,26/05/2018 20:49:55,21.23,1075,44.84
128,26/05/2018 21:49:14,21.23,1075.6,44.81
129,26/05/2018 22:41:53,21.23,1075.3,44.82
130,26/05/2018 23:25:29,21.11,1075.5,44.80
131,27/05/2018 00:06:00,21.11,1075.3,44.81
132,27/05/2018 00:43:27,21.11,1075.3,44.81
133,27/05/2018 01:16:56,21.11,1075.3,44.81
134,27/05/2018 01:49:15,21.11,1074.7,44.83
135,27/05/2018 02:13:23,21.11,1072.4,44.93
136,27/05/2018 02:41:59,21.11,1074.4,44.84
137,27/05/2018 03:07:34,21.11,1075.6,44.79
138,27/05/2018 03:32:05,21.11,1074.3,44.85
139,27/05/2018 03:55:30,21.11,1074.8,44.83
140,27/05/2018 04:18:13,21.11,1073.9,44.86
141,27/05/2018 04:39:59,20.99,1074,44.84
142,27/05/2018 04:59:46,20.99,1074.5,44.82
143,27/05/2018 05:13:47,21.11,1075.6,44.79
144,27/05/2018 05:33:06,20.99,1075.2,44.79
145,27/05/2018 05:50:33,20.99,1075.4,44.78
146,27/05/2018 06:07:49,21.01,1074.6,44.82
147,27/05/2018 06:24:27,20.99,1075.4,44.78
148,27/05/2018 06:40:22,20.99,1075.2,44.79
149,27/05/2018 06:55:53,21.11,1075.2,44.81
150,27/05/2018 07:11:01,21.11,1075.6,44.79
151,27/05/2018 07:25:27,21.11,1074.5,44.84
152,27/05/2018 07:39:29,21.11,1075.5,44.80
153,27/05/2018 07:53:00,21.11,1075.2,44.81
154,27/05/2018 08:02:31,21.11,1075.6,44.79
155,27/05/2018 08:14:11,21.11,1075.5,44.80
156,27/05/2018 08:27:24,21.11,1075.2,44.81
157,27/05/2018 08:39:15,21.11,1075.6,44.79
158,27/05/2018 08:50:39,21.11,1075.4,44.80
159,27/05/2018 09:02:06,21.22,1075.6,44.81
160,27/05/2018 09:12:58,21.23,1075.3,44.82
161,27/05/2018 09:23:54,21.23,1075.3,44.82
162,27/05/2018 09:34:29,21.23,1075.6,44.81
163,27/05/2018 09:44:45,21.23,1075.6,44.81
164,27/05/2018 09:54:48,21.23,1075.6,44.81
165,27/05/2018 10:04:44,21.35,1075.6,44.83
166,27/05/2018 10:14:24,21.35,1075.3,44.84
167,27/05/2018 10:23:41,21.35,1075.6,44.83
168,27/05/2018 10:32:45,21.48,1075.6,44.85
169,27/05/2018 10:41:37,21.48,1075.6,44.85
170,27/05/2018 10:50:08,21.48,1075.6,44.85
171,27/05/2018 10:58:31,21.6,1075.6,44.87
172,27/05/2018 11:03:53,21.6,1075.6,44.87
173,27/05/2018 11:12:00,21.59,1075.6,44.87
174,27/05/2018 11:21:04,21.6,1075.6,44.87
175,27/05/2018 11:28:50,21.6,1075.6,44.87
176,27/05/2018 11:36:27,21.6,1075.6,44.87
177,27/05/2018 11:44:05,21.61,1075.6,44.87
178,27/05/2018 11:51:31,21.63,1075.6,44.87
179,27/05/2018 11:58:47,21.72,1075.6,44.89
180,27/05/2018 12:06:01,21.72,1075.6,44.89
181,27/05/2018 12:13:10,21.72,1075.6,44.89
182,27/05/2018 12:20:12,21.82,1075.6,44.90
183,27/05/2018 12:27:13,21.85,1075.8,44.90
184,27/05/2018 12:34:11,21.88,1075.6,44.91
185,27/05/2018 12:41:02,21.94,1075.6,44.92
186,27/05/2018 12:47:38,21.97,1076,44.91
187,27/05/2018 12:54:15,21.97,1075.7,44.92
188,27/05/2018 13:00:49,21.97,1076.9,44.87
189,27/05/2018 13:07:20,22.16,1077.1,44.89
190,27/05/2018 13:13:37,22.1,1077.3,44.87
191,27/05/2018 13:19:47,22.11,1076.5,44.91
192,27/05/2018 13:25:53,22.1,1077.4,44.87
193,27/05/2018 13:31:58,22.22,1076,44.95
194,27/05/2018 13:37:54,22.22,1076.2,44.94
195,27/05/2018 13:43:50,22.22,1077.3,44.89
196,27/05/2018 13:49:46,22.22,1078.6,44.84
197,27/05/2018 13:55:27,22.34,1077.7,44.89
198,27/05/2018 14:00:36,22.34,1077.3,44.91
199,27/05/2018 14:05:11,22.34,1078.2,44.87
200,27/05/2018 14:10:37,22.34,1078.6,44.86
201,27/05/2018 14:16:48,22.46,1078.7,44.87
202,27/05/2018 14:22:44,22.46,1078.3,44.89
203,27/05/2018 14:27:58,22.46,1079.1,44.85
204,27/05/2018 14:33:27,22.46,1079,44.86
205,27/05/2018 14:38:51,22.59,1078.9,44.88
206,27/05/2018 14:44:09,22.59,1078.6,44.89
207,27/05/2018 14:49:37,22.59,1078.6,44.89
208,27/05/2018 14:54:52,22.71,1079.6,44.87
209,27/05/2018 15:00:10,22.71,1078.4,44.92
210,27/05/2018 15:05:30,22.71,1079.5,44.87
211,27/05/2018 15:10:43,22.71,1079.6,44.87
212,27/05/2018 15:16:01,22.79,1079.5,44.89
213,27/05/2018 15:21:11,22.84,1079.6,44.89
214,27/05/2018 15:26:23,22.96,1079.6,44.91
215,27/05/2018 15:31:34,22.96,1079.6,44.91
216,27/05/2018 15:36:38,22.96,1079.6,44.91
217,27/05/2018 15:41:44,22.96,1079.6,44.91
218,27/05/2018 15:46:44,22.97,1079.6,44.91
219,27/05/2018 15:51:45,23.09,1079.6,44.93
220,27/05/2018 15:56:40,23.18,1079.6,44.94
221,27/05/2018 16:01:36,23.21,1079.6,44.95
222,27/05/2018 16:06:31,23.21,1079.7,44.94
223,27/05/2018 16:11:17,23.21,1079.6,44.95
224,27/05/2018 16:16:09,23.27,1079.7,44.95
225,27/05/2018 16:20:50,23.33,1079.9,44.95
226,27/05/2018 16:25:39,23.33,1079.8,44.96
227,27/05/2018 16:30:21,23.34,1080,44.95
228,27/05/2018 16:35:07,23.33,1079.9,44.95
229,27/05/2018 16:39:45,23.38,1079.6,44.97
230,27/05/2018 16:44:25,23.33,1079.6,44.96
231,27/05/2018 16:49:01,23.33,1079.9,44.95
232,27/05/2018 16:53:36,23.33,1079.7,44.96
233,27/05/2018 16:58:13,23.45,1080.3,44.95
234,27/05/2018 17:01:35,23.45,1080.7,44.94
235,27/05/2018 17:06:08,23.45,1080.6,44.94
236,27/05/2018 17:10:36,23.45,1080.6,44.94
237,27/05/2018 17:15:00,23.45,1080.7,44.94
238,27/05/2018 17:20:23,23.33,1080.7,44.92
239,27/05/2018 17:24:46,23.34,1080,44.95
240,27/05/2018 17:29:10,23.35,1079.9,44.95
241,27/05/2018 17:33:36,23.33,1080.2,44.94
242,27/05/2018 17:37:59,23.34,1081.1,44.90
243,27/05/2018 17:42:26,23.33,1080.9,44.91
244,27/05/2018 17:46:47,23.45,1079.8,44.97
245,27/05/2018 17:51:14,23.33,1080.4,44.93
246,27/05/2018 17:55:33,23.33,1080,44.95
247,27/05/2018 17:59:58,23.33,1080.1,44.94
248,27/05/2018 18:04:17,23.33,1079.9,44.95
249,27/05/2018 18:08:44,23.33,1081,44.91
250,27/05/2018 18:13:01,23.33,1080.7,44.92
251,27/05/2018 18:17:24,23.33,1080.4,44.93
252,27/05/2018 18:21:42,23.33,1080,44.95
253,27/05/2018 18:26:03,23.4,1080,44.96
254,27/05/2018 18:30:22,23.33,1080,44.95
255,27/05/2018 18:34:43,23.35,1079.6,44.97
256,27/05/2018 18:38:58,23.4,1079.8,44.97
257,27/05/2018 18:43:16,23.33,1079.7,44.96
258,27/05/2018 18:47:30,23.33,1079.9,44.95
259,27/05/2018 18:51:45,23.39,1079.6,44.97
260,27/05/2018 18:56:02,23.34,1080.5,44.93
261,27/05/2018 19:00:17,23.34,1079.6,44.97
262,27/05/2018 19:04:32,23.33,1079.7,44.96
263,27/05/2018 19:08:42,23.39,1079.7,44.97
264,27/05/2018 19:12:54,23.33,1079.6,44.96
265,27/05/2018 19:17:06,23.33,1079.9,44.95
266,27/05/2018 19:21:22,23.43,1080.4,44.95
267,27/05/2018 19:25:43,23.33,1079.6,44.96
268,27/05/2018 19:30:14,23.33,1079.6,44.96
269,27/05/2018 19:34:43,23.4,1079.7,44.97
270,27/05/2018 19:39:19,23.33,1080.8,44.91
271,27/05/2018 19:44:01,23.33,1079.9,44.95
272,27/05/2018 19:48:46,23.33,1079.6,44.96
273,27/05/2018 19:53:40,23.33,1079.7,44.96
274,27/05/2018 19:58:37,23.28,1079.7,44.95
275,27/05/2018 20:02:03,23.33,1079.9,44.95
276,27/05/2018 20:06:32,23.23,1080,44.93
277,27/05/2018 20:11:06,23.27,1079.6,44.95
278,27/05/2018 20:29:05,23.21,1079.6,44.95
279,27/05/2018 20:49:58,23.21,1079.6,44.95
280,27/05/2018 21:14:10,23.33,1079.6,44.96
281,27/05/2018 21:38:52,23.14,1079.6,44.94
282,27/05/2018 22:04:44,23.08,1079.9,44.91
283,27/05/2018 22:35:19,23.21,1079.6,44.95
284,27/05/2018 23:14:47,23.08,1079.6,44.93
285,28/05/2018 00:05:43,23.02,1079.6,44.92
286,28/05/2018 00:53:37,22.96,1079.6,44.91
287,28/05/2018 01:43:00,22.96,1079.4,44.92
288,28/05/2018 02:34:24,22.83,1079.6,44.89
289,28/05/2018 03:26:02,22.77,1079.4,44.89
290,28/05/2018 04:17:40,22.71,1079.5,44.87
291,28/05/2018 05:08:02,22.71,1079.6,44.87
292,28/05/2018 06:07:18,22.71,1078.4,44.92
293,28/05/2018 07:02:42,22.65,1078.7,44.90
294,28/05/2018 07:58:52,22.03,1076.4,44.90
295,28/05/2018 09:01:24,21.85,1075.7,44.90
296,28/05/2018 09:59:41,21.86,1075.6,44.91
297,28/05/2018 11:05:49,22.34,1077.2,44.91
298,28/05/2018 12:07:26,23.21,1079.6,44.95
299,28/05/2018 13:01:36,23.57,1080.7,44.95
300,28/05/2018 13:53:04,24.44,1083,44.99
301,28/05/2018 14:50:48,25.06,1083.5,45.06
302,28/05/2018 15:45:41,25.43,1086.6,44.99
303,28/05/2018 16:39:49,25.43,1087.1,44.97
304,28/05/2018 17:19:39,26.05,1089.1,44.98
305,28/05/2018 17:40:25,25.43,1087.4,44.96
306,28/05/2018 18:39:28,24.19,1083.5,44.93
307,28/05/2018 19:37:13,23.95,1083.3,44.90
308,28/05/2018 20:38:07,23.95,1082.7,44.93
309,28/05/2018 21:37:36,23.57,1080.4,44.97
310,28/05/2018 22:36:23,23.14,1079.7,44.93
311,28/05/2018 23:39:02,22.84,1079.4,44.90
312,29/05/2018 00:39:49,22.71,1078.8,44.90
313,29/05/2018 01:35:58,22.34,1077.6,44.90
314,29/05/2018 02:41:01,22.22,1076.1,44.94
315,29/05/2018 03:42:48,21.85,1076.3,44.88
316,29/05/2018 04:39:54,21.6,1075.6,44.87
317,29/05/2018 05:43:38,21.35,1075.6,44.83
318,29/05/2018 06:44:45,21.35,1075.6,44.83
319,29/05/2018 07:43:21,21.38,1075.6,44.83
320,29/05/2018 08:47:19,21.6,1075.6,44.87
321,29/05/2018 09:45:30,21.78,1075.6,44.90
322,29/05/2018 10:39:20,22.1,1075.6,44.94
323,29/05/2018 11:55:34,22.71,1079.2,44.89
324,29/05/2018 12:46:59,22.96,1079.6,44.91
325,29/05/2018 13:36:45,23.33,1079.6,44.96
326,29/05/2018 14:45:52,23.82,1080.4,45.00
327,29/05/2018 15:36:31,24.32,1083.1,44.97
328,29/05/2018 16:25:34,24.44,1083.5,44.97
329,29/05/2018 17:29:46,24.81,1085.4,44.95
330,29/05/2018 18:20:43,24.19,1083.5,44.93
331,29/05/2018 19:09:09,24.19,1083.3,44.94
332,29/05/2018 19:56:37,24.07,1083.5,44.91
333,29/05/2018 20:56:44,23.95,1082.1,44.95
334,29/05/2018 21:42:51,23.95,1081.1,45.00
335,29/05/2018 22:27:38,23.7,1081.8,44.93
336,29/05/2018 23:22:00,23.57,1080.1,44.98
337,30/05/2018 00:07:11,23.45,1079.6,44.98
338,30/05/2018 00:49:32,23.34,1079.6,44.97
339,30/05/2018 01:29:54,23.34,1079.6,44.97
340,30/05/2018 02:20:15,23.33,1079.6,44.96
341,30/05/2018 03:03:50,23.3,1079.6,44.96
342,30/05/2018 03:44:06,23.21,1079.7,44.94
343,30/05/2018 04:25:13,23.1,1079.6,44.93
344,30/05/2018 05:04:03,23.08,1079.6,44.93
345,30/05/2018 05:56:25,22.96,1079.6,44.91
346,30/05/2018 06:39:19,22.89,1079.6,44.90
347,30/05/2018 07:21:49,22.84,1079.3,44.90
348,30/05/2018 08:02:43,22.03,1076.7,44.89
349,30/05/2018 08:52:27,21.97,1075.6,44.92
350,30/05/2018 09:17:07,22.1,1075.6,44.94
351,30/05/2018 09:58:06,22.22,1077.1,44.90
352,30/05/2018 10:37:52,22.46,1078.3,44.89
353,30/05/2018 11:44:56,22.85,1079.5,44.90
354,30/05/2018 12:21:04,23.3,1079.6,44.96
355,30/05/2018 12:55:31,23.45,1080.3,44.95
356,30/05/2018 13:29:08,23.95,1082.7,44.93
357,30/05/2018 14:14:51,24.44,1083.1,44.99
358,30/05/2018 14:43:23,24.56,1083.5,44.99
359,30/05/2018 15:14:59,24.69,1083.5,45.01
360,30/05/2018 15:46:19,24.69,1083.5,45.01
361,30/05/2018 16:16:58,25.06,1083.5,45.06
362,30/05/2018 16:47:16,25.8,1087,45.03
363,30/05/2018 17:18:28,25.28,1087.4,44.93
364,30/05/2018 17:48:59,25.06,1086.1,44.96
365,30/05/2018 18:18:18,24.44,1083.8,44.96
366,30/05/2018 18:47:24,24.56,1083.9,44.97
367,30/05/2018 19:15:56,24.44,1083.5,44.97
368,30/05/2018 19:44:23,24.22,1083.5,44.94
369,30/05/2018 20:10:47,24.32,1083.5,44.95
370,30/05/2018 20:40:31,24.19,1083.3,44.94
371,30/05/2018 21:07:56,24.19,1083.5,44.93
372,30/05/2018 21:34:28,24.07,1083.5,44.91
373,30/05/2018 22:00:23,23.95,1083.2,44.91
374,30/05/2018 22:27:21,23.95,1083,44.92
375,30/05/2018 22:53:14,23.82,1081.8,44.95
376,30/05/2018 23:20:54,23.7,1080.9,44.97
377,30/05/2018 23:47:42,23.7,1081.3,44.95
378,31/05/2018 00:12:31,23.57,1080.9,44.95
379,31/05/2018 00:38:22,23.57,1081.6,44.92
380,31/05/2018 01:02:58,23.45,1081.1,44.92
381,31/05/2018 01:28:28,23.45,1081.2,44.92
382,31/05/2018 01:53:59,23.34,1080.6,44.92
383,31/05/2018 02:23:11,23.34,1080.4,44.93
384,31/05/2018 02:55:44,23.35,1080.4,44.93
385,31/05/2018 03:31:05,23.21,1079.8,44.94
386,31/05/2018 04:05:45,23.21,1080.1,44.92
387,31/05/2018 04:40:22,23.21,1079.6,44.95
388,31/05/2018 05:13:54,23.08,1079.6,44.93
389,31/05/2018 05:47:00,23.08,1079.6,44.93
390,31/05/2018 06:18:27,23.08,1079.6,44.93
391,31/05/2018 06:50:00,23.08,1079.6,44.93
392,31/05/2018 07:20:31,22.96,1079.6,44.91
393,31/05/2018 07:50:42,23.08,1079.6,44.93
394,31/05/2018 08:10:55,22.96,1079.6,44.91
395,31/05/2018 08:40:40,23.01,1079.6,44.92
396,31/05/2018 09:09:13,23.08,1079.6,44.93
397,31/05/2018 09:36:03,23.08,1079.6,44.93
398,31/05/2018 10:02:12,23.08,1079.6,44.93
399,31/05/2018 10:28:30,23.08,1079.6,44.93
400,31/05/2018 10:53:54,23.21,1079.7,44.94
401,31/05/2018 11:17:19,23.33,1079.7,44.96
402,31/05/2018 11:41:49,23.34,1079.9,44.95
403,31/05/2018 12:04:58,23.34,1080.4,44.93
404,31/05/2018 12:26:57,23.45,1081,44.92
405,31/05/2018 12:48:47,23.45,1081.7,44.89
406,31/05/2018 13:09:51,23.45,1079.7,44.98
407,31/05/2018 13:30:45,23.45,1080.7,44.94
408,31/05/2018 13:51:04,23.57,1080.4,44.97
409,31/05/2018 14:09:51,23.57,1081.5,44.92
410,31/05/2018 14:31:04,23.57,1080.1,44.98
411,31/05/2018 14:50:20,23.57,1081.5,44.92
412,31/05/2018 15:09:19,23.46,1080.1,44.96
413,31/05/2018 15:27:43,23.57,1081.6,44.92
414,31/05/2018 15:45:35,23.57,1081.3,44.93
415,31/05/2018 16:03:03,23.57,1080.1,44.98
416,31/05/2018 16:20:17,23.57,1080.4,44.97
417,31/05/2018 16:36:46,23.57,1080.4,44.97
418,31/05/2018 16:53:14,23.57,1081.5,44.92
419,31/05/2018 17:07:35,23.57,1079.9,44.99
420,31/05/2018 17:24:27,23.57,1081.2,44.93
421,31/05/2018 17:39:46,23.57,1079.9,44.99
422,31/05/2018 17:54:45,23.57,1080,44.98
423,31/05/2018 18:09:08,23.57,1080.5,44.96
424,31/05/2018 18:23:58,23.51,1080.5,44.95
425,31/05/2018 18:38:13,23.47,1079.9,44.97
426,31/05/2018 18:52:32,23.45,1081.2,44.92
427,31/05/2018 19:06:17,23.45,1079.9,44.97
428,31/05/2018 19:19:58,23.47,1080.2,44.96
429,31/05/2018 19:34:10,23.45,1079.8,44.97
430,31/05/2018 19:47:57,23.55,1080.3,44.97
431,31/05/2018 20:00:57,23.45,1079.6,44.98
432,31/05/2018 20:13:35,23.45,1080,44.97
433,31/05/2018 20:28:48,23.45,1079.8,44.97
434,31/05/2018 20:42:34,23.45,1080,44.97
435,31/05/2018 20:56:49,23.33,1080.3,44.93
436,31/05/2018 21:11:01,23.33,1080.4,44.93
437,31/05/2018 21:24:55,23.33,1079.6,44.96
438,31/05/2018 21:39:29,23.33,1079.6,44.96
439,31/05/2018 21:53:44,23.34,1080.6,44.92
440,31/05/2018 22:08:29,23.33,1079.9,44.95
441,31/05/2018 22:22:56,23.33,1080,44.95
442,31/05/2018 22:37:30,23.33,1079.7,44.96
443,31/05/2018 22:51:56,23.33,1079.6,44.96
444,31/05/2018 23:04:40,23.21,1079.6,44.95
445,31/05/2018 23:20:09,23.21,1079.9,44.93
446,31/05/2018 23:34:06,23.3,1079.7,44.96
447,31/05/2018 23:48:41,23.3,1079.7,44.96
448,01/06/2018 00:02:24,23.21,1079.6,44.95
449,01/06/2018 00:17:02,23.08,1079.8,44.92
450,01/06/2018 00:30:32,23.2,1079.6,44.94
451,01/06/2018 00:43:54,23.21,1079.6,44.95
452,01/06/2018 00:58:11,23.16,1079.6,44.94
453,01/06/2018 01:11:30,23.18,1079.6,44.94
454,01/06/2018 01:25:15,23.09,1079.6,44.93
455,01/06/2018 01:38:42,23.21,1079.6,44.95
456,01/06/2018 01:51:54,23.18,1079.6,44.94
457,01/06/2018 02:03:37,23.09,1079.6,44.93
458,01/06/2018 02:16:17,23.21,1079.6,44.95
459,01/06/2018 02:30:18,23.1,1079.6,44.93
460,01/06/2018 02:43:31,23.13,1079.6,44.93
461,01/06/2018 02:56:21,23.11,1079.6,44.93
462,01/06/2018 03:09:06,23.08,1079.6,44.93
463,01/06/2018 03:21:57,23.08,1079.6,44.93
464,01/06/2018 03:34:20,23.01,1079.6,44.92
465,01/06/2018 03:46:45,23.03,1079.6,44.92
466,01/06/2018 03:59:09,22.96,1079.6,44.91
467,01/06/2018 04:11:29,22.96,1079.6,44.91
468,01/06/2018 04:23:33,22.94,1079.5,44.91
469,01/06/2018 04:35:27,22.93,1079.6,44.90
470,01/06/2018 04:47:17,22.96,1079.6,44.91
471,01/06/2018 04:58:57,22.96,1079.6,44.91
472,01/06/2018 05:08:56,22.89,1079.6,44.90
473,01/06/2018 05:21:05,22.84,1079.4,44.90
474,01/06/2018 05:32:20,22.96,1079.6,44.91
475,01/06/2018 05:43:33,22.84,1079.6,44.89
476,01/06/2018 05:54:52,22.84,1079.6,44.89
477,01/06/2018 06:05:50,22.84,1079.6,44.89
478,01/06/2018 06:16:23,22.84,1079.5,44.89
479,01/06/2018 06:27:10,22.84,1079.6,44.89
480,01/06/2018 06:38:04,22.84,1079.3,44.90
481,01/06/2018 06:48:46,22.83,1079.6,44.89
482,01/06/2018 06:59:23,22.71,1079.6,44.87
483,01/06/2018 07:09:44,22.71,1079.4,44.88
484,01/06/2018 07:20:05,22.82,1079.5,44.89
485,01/06/2018 07:30:22,22.71,1079.4,44.88
486,01/06/2018 07:40:22,22.71,1079.4,44.88
487,01/06/2018 07:50:37,22.84,1079.2,44.91
488,01/06/2018 08:00:18,22.74,1079.5,44.88
489,01/06/2018 08:09:00,22.84,1079.5,44.89
490,01/06/2018 08:19:58,22.84,1079.3,44.90
491,01/06/2018 08:29:42,22.84,1079.5,44.89
492,01/06/2018 08:39:17,22.84,1079.5,44.89
493,01/06/2018 08:49:10,22.84,1079.6,44.89
494,01/06/2018 08:58:44,22.74,1079.6,44.87
495,01/06/2018 09:08:25,22.84,1079.2,44.91
496,01/06/2018 09:18:01,22.84,1079.6,44.89
497,01/06/2018 09:27:44,22.84,1079.6,44.89
498,01/06/2018 09:37:21,22.85,1079.6,44.89
499,01/06/2018 09:46:59,22.96,1079.5,44.91
500,01/06/2018 09:56:40,22.96,1079.4,44.92
501,01/06/2018 10:06:28,23.05,1079.6,44.92
502,01/06/2018 10:16:16,23.08,1079.6,44.93
503,01/06/2018 10:26:01,23.03,1079.6,44.92
504,01/06/2018 10:35:48,23.08,1079.6,44.93
505,01/06/2018 10:45:51,23.02,1079.6,44.92
506,01/06/2018 10:55:40,22.96,1079.6,44.91
507,01/06/2018 11:03:35,23.08,1079.6,44.93
508,01/06/2018 11:13:23,22.96,1079.5,44.91
509,01/06/2018 11:24:29,23.07,1079.6,44.92
510,01/06/2018 11:34:27,23.18,1079.6,44.94
511,01/06/2018 11:44:37,23.21,1079.6,44.95
512,01/06/2018 11:54:58,23.18,1079.6,44.94
513,01/06/2018 12:05:20,23.08,1079.6,44.93
514,01/06/2018 12:15:32,23.21,1079.6,44.95
515,01/06/2018 12:25:57,23.11,1079.6,44.93
516,01/06/2018 12:36:31,23.21,1079.6,44.95
517,01/06/2018 12:47:18,23.11,1079.6,44.93
518,01/06/2018 12:58:19,23.21,1079.6,44.95
519,01/06/2018 13:09:06,23.18,1079.6,44.94
520,01/06/2018 13:20:01,23.08,1079.6,44.93
521,01/06/2018 13:31:02,23.08,1079.6,44.93
522,01/06/2018 13:42:00,23.04,1079.2,44.94
523,01/06/2018 13:52:57,23.08,1079.6,44.93
524,01/06/2018 14:02:15,23.08,1079.6,44.93
525,01/06/2018 14:12:00,23.08,1079.6,44.93
526,01/06/2018 14:23:26,23.08,1079.6,44.93
527,01/06/2018 14:34:12,22.96,1079.6,44.91
528,01/06/2018 14:44:59,23.07,1079.6,44.92
529,01/06/2018 14:55:52,23.08,1079.6,44.93
530,01/06/2018 15:06:45,23.08,1079.6,44.93
531,01/06/2018 15:17:30,23.08,1079.6,44.93
532,01/06/2018 15:28:38,23.14,1079.6,44.94
533,01/06/2018 15:39:46,23.08,1079.6,44.93
534,01/06/2018 15:51:16,23.2,1079.6,44.94
535,01/06/2018 16:04:35,23.08,1079.3,44.94
536,01/06/2018 16:25:44,23.21,1079.6,44.95
537,01/06/2018 16:49:26,23.09,1079.6,44.93
538,01/06/2018 17:08:49,23.21,1079.6,44.95
539,01/06/2018 17:31:36,23.08,1079.6,44.93
540,01/06/2018 17:54:28,23.06,1079.6,44.92
541,01/06/2018 18:18:10,22.96,1079.5,44.91
542,01/06/2018 18:39:36,22.97,1079.3,44.92
543,01/06/2018 19:00:18,22.96,1079.5,44.91
544,01/06/2018 19:20:12,22.99,1079.6,44.91
545,01/06/2018 19:39:11,23.08,1079.3,44.94
546,01/06/2018 19:57:13,22.97,1079.6,44.91
547,01/06/2018 20:11:16,22.96,1079.5,44.91
548,01/06/2018 20:28:44,22.96,1079.6,44.91
549,01/06/2018 20:45:04,22.96,1079.6,44.91
550,01/06/2018 21:00:45,22.95,1079.2,44.92
551,01/06/2018 21:15:41,22.9,1079.6,44.90
552,01/06/2018 21:30:39,22.84,1079.5,44.89
553,01/06/2018 21:44:44,22.84,1079.3,44.90
554,01/06/2018 21:58:43,22.71,1078.9,44.90
555,01/06/2018 22:12:01,22.59,1079,44.88
556,01/06/2018 22:25:07,22.59,1078.9,44.88
557,01/06/2018 22:38:11,22.59,1078.5,44.90
558,01/06/2018 22:50:42,22.59,1079.3,44.86
559,01/06/2018 23:01:37,22.46,1079,44.86
560,01/06/2018 23:12:46,22.46,1079.2,44.85
561,01/06/2018 23:25:46,22.46,1078.2,44.89
562,01/06/2018 23:37:14,22.34,1078.8,44.85
563,01/06/2018 23:48:33,22.34,1078.3,44.87
564,02/06/2018 00:00:09,22.34,1078.9,44.84
565,02/06/2018 00:11:09,22.34,1078.3,44.87
566,02/06/2018 00:22:08,22.34,1078.3,44.87
567,02/06/2018 00:33:34,22.34,1077.7,44.89
568,02/06/2018 00:44:59,22.34,1077.1,44.92
569,02/06/2018 00:57:02,22.34,1077,44.92
570,02/06/2018 01:10:53,22.34,1077.3,44.91
571,02/06/2018 01:45:10,22.22,1077.5,44.88
572,02/06/2018 02:39:13,22.1,1077.4,44.87
573,02/06/2018 03:40:24,22.1,1076.3,44.91
574,02/06/2018 04:43:06,21.97,1076.4,44.89
575,02/06/2018 05:49:10,21.7,1075.6,44.88
576,02/06/2018 07:03:01,21.48,1075.6,44.85
577,02/06/2018 08:28:18,21.23,1075.6,44.81
578,02/06/2018 09:50:47,21.35,1075.6,44.83
579,02/06/2018 11:20:42,21.23,1075.4,44.82
580,02/06/2018 12:40:39,21.35,1075.6,44.83
581,02/06/2018 13:59:37,21.35,1075.6,44.83
582,02/06/2018 15:39:07,21.11,1075.2,44.81
583,02/06/2018 17:22:22,20.86,1075.5,44.76
584,02/06/2018 18:57:16,20.61,1072.5,44.85
585,02/06/2018 20:43:54,20.48,1073.2,44.80
586,02/06/2018 22:23:38,20.12,1071.7,44.80
587,03/06/2018 00:17:16,19.75,1071.7,44.75
588,03/06/2018 01:48:33,19.38,1071.6,44.70
589,03/06/2018 03:38:40,19.01,1069.2,44.74
590,03/06/2018 05:25:58,18.76,1067.8,44.76
591,03/06/2018 07:11:26,18.5,1067.7,44.72
592,03/06/2018 09:12:49,18.39,1067.7,44.71
593,03/06/2018 10:51:54,18.51,1067.7,44.73
594,03/06/2018 12:43:06,18.88,1068.9,44.73
595,03/06/2018 14:36:17,19.1,1069.1,44.76
596,03/06/2018 16:13:16,19.13,1069.9,44.73
597,03/06/2018 18:08:53,19.01,1070,44.71
598,03/06/2018 19:52:23,18.76,1069.4,44.69
599,03/06/2018 21:54:41,19.01,1069,44.75
600,03/06/2018 23:42:10,18.76,1068.4,44.73
601,04/06/2018 01:26:17,18.83,1068.5,44.74
602,04/06/2018 03:15:15,18.51,1068.5,44.69
603,04/06/2018 05:00:20,18.64,1067.7,44.75
604,04/06/2018 06:55:28,18.54,1067.7,44.73
605,04/06/2018 08:49:29,18.15,1067.7,44.67
606,04/06/2018 10:55:07,16.79,1065.2,44.57
607,04/06/2018 12:51:47,17.9,1065.6,44.72
608,04/06/2018 14:35:53,18.51,1067.7,44.73
609,04/06/2018 16:21:43,19.26,1069.5,44.77
610,05/06/2018 08:38:13,17.65,1067.6,44.60
611,05/06/2018 09:05:03,17.4,1065.9,44.63
612,05/06/2018 09:05:58,17.4,1065.7,44.64
613,05/06/2018 09:06:15,17.28,1065.6,44.63
614,05/06/2018 09:06:28,17.28,1065.6,44.63
615,05/06/2018 09:06:48,17.34,1065.6,44.63
616,05/06/2018 09:07:02,17.28,1065.8,44.62
617,05/06/2018 09:07:16,17.34,1064.8,44.67
618,06/06/2018 01:35:15,19.01,1067.7,46.59
619,06/06/2018 06:46:31,18.53,1067.7,46.51
620,06/06/2018 10:47:35,18.02,1066.1,46.50
621,06/06/2018 10:55:15,18.02,1066,46.50
622,06/06/2018 18:13:27,19.26,1068.6,46.59
623,06/06/2018 18:50:43,19.26,1070.6,46.50
624,06/06/2018 19:26:51,19.13,1069,46.55
625,06/06/2018 20:32:08,19.01,1068.6,46.55
626,06/06/2018 21:32:05,18.88,1068.1,46.55
627,06/06/2018 22:00:27,18.88,1068.5,46.53
628,06/06/2018 22:28:41,18.87,1068.1,46.55
629,06/06/2018 23:42:56,18.52,1067.7,46.51
630,07/06/2018 00:06:25,18.51,1067.7,46.51
631,07/06/2018 01:12:48,18.39,1067.7,46.49
632,07/06/2018 01:34:07,18.39,1067.7,46.49
633,07/06/2018 01:55:23,18.27,1067.7,46.47
634,07/06/2018 02:14:52,18.27,1067.7,46.47
635,07/06/2018 02:34:21,18.27,1067,46.50
636,07/06/2018 02:53:24,18.15,1067.7,46.45
637,07/06/2018 03:12:21,18.15,1067.7,46.45
638,07/06/2018 03:30:21,18.02,1067.7,46.43
639,07/06/2018 03:47:55,18.02,1067.7,46.43
640,07/06/2018 04:05:34,18.02,1067.7,46.43
641,07/06/2018 04:22:07,18.02,1067.2,46.45
642,07/06/2018 04:38:48,17.9,1067.4,46.42
643,07/06/2018 04:55:07,17.9,1067.7,46.41
644,07/06/2018 05:10:52,17.9,1067.2,46.43
645,07/06/2018 05:26:47,17.77,1066.7,46.43
646,07/06/2018 05:41:50,17.77,1067.1,46.42
647,07/06/2018 05:56:23,17.77,1066.7,46.43
648,07/06/2018 06:10:40,17.77,1066,46.46
649,07/06/2018 06:24:47,17.65,1066,46.44
650,07/06/2018 06:39:02,17.66,1067.4,46.38
651,07/06/2018 06:53:09,17.65,1065.6,46.46
652,07/06/2018 07:07:04,17.59,1066.1,46.43
653,07/06/2018 07:20:34,17.53,1066,46.42
654,07/06/2018 07:33:58,17.53,1067,46.38
655,07/06/2018 07:46:54,17.53,1066.8,46.39
656,07/06/2018 08:00:02,17.43,1064.3,46.48
657,07/06/2018 08:12:53,17.4,1065.8,46.41
658,07/06/2018 08:25:32,17.53,1064.9,46.47
659,07/06/2018 08:38:01,17.4,1066.1,46.40
660,07/06/2018 08:50:25,17.53,1064.9,46.47
661,07/06/2018 09:02:56,17.29,1064.3,46.46
662,07/06/2018 09:15:13,16.66,1064.2,46.36
663,07/06/2018 09:27:32,16.42,1063.7,46.35
664,07/06/2018 09:52:34,16.17,1063.5,46.32
665,07/06/2018 10:04:24,16.29,1063.5,46.34
666,07/06/2018 10:16:02,16.17,1063.1,46.33
667,07/06/2018 15:13:14,18.64,1067.7,46.53
668,07/06/2018 15:32:47,18.76,1067.7,46.55
669,07/06/2018 15:42:23,18.76,1067.7,46.55
670,07/06/2018 15:52:01,18.64,1068.1,46.51
671,07/06/2018 16:29:16,18.76,1068.1,46.53
672,07/06/2018 17:13:07,18.88,1069.7,46.48
673,07/06/2018 17:23:18,18.51,1069,46.45
674,07/06/2018 17:32:18,18.27,1067.7,46.47
675,07/06/2018 17:41:03,18.37,1067.7,46.48
676,07/06/2018 17:50:06,18.27,1067.7,46.47
677,07/06/2018 17:59:19,18.3,1067.7,46.47
678,07/06/2018 18:08:01,18.49,1067.7,46.50
679,07/06/2018 18:16:56,18.33,1067.7,46.48
680,07/06/2018 18:25:54,18.39,1067.7,46.49
681,07/06/2018 18:34:52,17.9,1067.7,46.41
682,07/06/2018 18:43:52,17.53,1067.6,46.36
683,07/06/2018 18:53:00,17.77,1066.9,46.42
684,07/06/2018 19:01:55,18.02,1067.3,46.45
685,07/06/2018 19:11:05,18.15,1067,46.48
686,07/06/2018 19:20:00,18.15,1067.7,46.45
687,07/06/2018 19:28:59,18.27,1067.1,46.49
688,07/06/2018 19:38:07,18.27,1066.5,46.52
689,07/06/2018 19:47:19,18.15,1066.8,46.49
690,07/06/2018 19:56:43,18.15,1067.4,46.46
691,07/06/2018 20:03:48,18.15,1067.2,46.47
692,07/06/2018 20:13:10,18.15,1067.4,46.46
693,07/06/2018 20:23:46,18.02,1067.3,46.45
694,07/06/2018 20:33:15,18.02,1066.1,46.50
695,07/06/2018 20:42:54,18.02,1067,46.46
696,07/06/2018 20:52:47,18.02,1065.9,46.51
697,07/06/2018 21:02:53,17.9,1066.8,46.45
698,07/06/2018 21:13:00,17.9,1066.4,46.47
699,07/06/2018 21:23:20,17.9,1066.6,46.46
700,07/06/2018 21:33:37,17.77,1065.9,46.47
701,07/06/2018 21:44:10,17.77,1065.4,46.49
702,07/06/2018 21:54:58,17.77,1065,46.51
703,07/06/2018 22:05:46,17.65,1065.5,46.47
704,07/06/2018 22:16:42,17.65,1066.2,46.44
705,07/06/2018 22:27:47,17.53,1064.7,46.48
706,07/06/2018 22:38:54,17.53,1064.8,46.48
707,07/06/2018 22:50:17,17.53,1064.3,46.50
708,07/06/2018 23:01:57,17.46,1064.1,46.50
709,07/06/2018 23:13:47,17.43,1064.4,46.48
710,07/06/2018 23:25:28,17.28,1063.8,46.48
711,07/06/2018 23:37:19,17.28,1064.2,46.46
712,07/06/2018 23:49:14,17.28,1063.7,46.49
713,08/06/2018 00:01:24,17.16,1064,46.45
714,08/06/2018 00:13:53,17.28,1063.7,46.49
715,08/06/2018 00:26:23,17.16,1063.7,46.47
716,08/06/2018 00:39:04,17.14,1063.7,46.46
717,08/06/2018 00:51:29,17.03,1063.7,46.45
718,08/06/2018 01:03:35,17.03,1063.7,46.45
719,08/06/2018 01:15:46,16.91,1063.7,46.43
720,08/06/2018 01:27:43,16.91,1063.7,46.43
721,08/06/2018 01:39:30,16.81,1063.7,46.41
722,08/06/2018 01:51:29,16.79,1063.7,46.41
723,08/06/2018 02:03:16,16.66,1063.5,46.39
724,08/06/2018 02:15:05,16.66,1063.5,46.39
725,08/06/2018 02:26:39,16.66,1063.4,46.40
726,08/06/2018 02:38:04,16.66,1063.2,46.41
727,08/06/2018 02:49:21,16.54,1063.6,46.37
728,08/06/2018 03:00:47,16.47,1063.5,46.36
729,08/06/2018 03:11:59,16.45,1063.6,46.36
730,08/06/2018 03:23:13,16.42,1063.2,46.37
731,08/06/2018 03:34:27,16.42,1063.1,46.37
732,08/06/2018 03:45:36,16.29,1063.7,46.33
733,08/06/2018 03:56:37,16.29,1062.1,46.40
734,08/06/2018 04:07:59,16.29,1062.9,46.36
735,08/06/2018 04:19:23,16.17,1062.1,46.38
736,08/06/2018 04:31:51,16.17,1062.1,46.38
737,08/06/2018 04:46:11,16.04,1061.4,46.39
738,08/06/2018 05:07:28,16.02,1061.6,46.37
739,08/06/2018 05:37:11,15.99,1059.7,46.45
740,08/06/2018 06:10:42,15.8,1059.8,46.42
741,08/06/2018 06:48:11,15.68,1059.8,46.40
742,08/06/2018 07:29:15,15.55,1059.7,46.38
743,08/06/2018 08:12:40,15.43,1059.7,46.36
744,08/06/2018 08:58:12,15.43,1059.7,46.36
745,08/06/2018 09:44:40,15.31,1059.7,46.34
746,08/06/2018 10:31:24,15.68,1059.7,46.40
747,08/06/2018 11:22:18,16.02,1060.5,46.42
748,08/06/2018 17:41:31,19.13,1071.7,46.43
749,08/06/2018 18:29:26,18.64,1068.3,46.50
750,08/06/2018 19:14:32,18.42,1067.7,46.49
751,08/06/2018 20:01:01,18.15,1067.7,46.45
752,08/06/2018 20:58:13,18.02,1067.7,46.43
753,08/06/2018 21:42:13,17.9,1067.3,46.43
754,08/06/2018 22:27:32,17.77,1067.5,46.40
755,08/06/2018 23:20:30,17.65,1065.7,46.46
756,09/06/2018 00:03:45,17.53,1065.4,46.45
757,09/06/2018 00:47:41,17.4,1065.2,46.44
758,09/06/2018 01:30:42,17.3,1064.7,46.44
759,09/06/2018 02:23:34,17.16,1063.8,46.46
760,09/06/2018 03:07:05,17.03,1063.7,46.45
761,09/06/2018 03:49:57,17.03,1063.7,46.45
762,09/06/2018 04:32:26,16.91,1063.7,46.43
763,09/06/2018 05:22:46,16.81,1063.7,46.41
764,09/06/2018 06:05:20,16.79,1063.9,46.40
765,09/06/2018 06:47:42,16.66,1063.6,46.39
766,09/06/2018 07:29:49,16.65,1063.7,46.38
767,09/06/2018 08:18:49,16.54,1063.7,46.37
768,09/06/2018 09:02:35,16.53,1063.5,46.37
769,09/06/2018 09:42:48,16.42,1063.7,46.35
770,09/06/2018 11:02:00,16.45,1063.6,46.36
771,09/06/2018 11:48:12,16.66,1063.7,46.39
772,09/06/2018 17:44:26,18.47,1067.7,46.50
773,09/06/2018 18:23:31,18.39,1067.7,46.49
774,09/06/2018 19:02:13,18.39,1067.7,46.49
775,09/06/2018 19:40:37,18.39,1067.7,46.49
776,09/06/2018 20:24:42,18.39,1067.7,46.49
777,09/06/2018 21:02:59,18.51,1067.7,46.51
778,09/06/2018 21:42:14,18.51,1067.8,46.50
779,09/06/2018 22:21:04,18.61,1067.7,46.52
780,09/06/2018 22:59:56,18.61,1067.7,46.52
781,09/06/2018 23:42:15,18.62,1067.7,46.52
782,10/06/2018 00:20:15,18.64,1067.7,46.53
783,10/06/2018 00:58:03,18.64,1067.8,46.52
784,10/06/2018 01:35:48,18.51,1067.7,46.51
785,10/06/2018 02:18:07,18.51,1067.7,46.51
786,10/06/2018 02:56:11,18.51,1067.7,46.51
787,10/06/2018 03:32:33,18.51,1067.7,46.51
788,10/06/2018 04:09:49,18.51,1067.7,46.51
789,10/06/2018 04:46:52,18.51,1067.9,46.50
790,10/06/2018 05:27:58,18.53,1067.7,46.51
791,10/06/2018 06:05:11,18.7,1067.7,46.54
792,10/06/2018 06:42:46,18.64,1067.7,46.53
793,10/06/2018 07:20:15,18.76,1067.7,46.55
794,10/06/2018 07:58:21,18.76,1067.7,46.55
795,10/06/2018 08:39:56,18.88,1068.3,46.54
796,10/06/2018 09:17:23,18.88,1067.7,46.57
797,10/06/2018 09:55:39,19.01,1067.9,46.58
798,10/06/2018 10:32:32,19.01,1068.2,46.56
799,10/06/2018 11:10:16,19.26,1068.1,46.61
800,10/06/2018 11:50:11,19.26,1070.3,46.51
801,10/06/2018 12:27:05,19.38,1069.9,46.55
802,10/06/2018 13:02:56,19.5,1070.2,46.56
803,10/06/2018 14:54:11,19.87,1071.7,46.55
804,10/06/2018 15:31:16,19.85,1071.7,46.55
805,10/06/2018 16:45:45,20.12,1071.7,46.59
806,10/06/2018 17:27:39,20.12,1071.7,46.59
807,10/06/2018 18:05:01,20.37,1071.7,46.63
808,10/06/2018 18:42:23,20.37,1072.2,46.61
809,10/06/2018 19:20:43,20.49,1072.1,46.63
810,10/06/2018 19:57:41,20.61,1073.2,46.60
811,10/06/2018 20:37:57,20.74,1074.6,46.56
812,10/06/2018 21:13:58,20.74,1073.2,46.62
813,10/06/2018 21:51:38,20.86,1073.8,46.62
814,10/06/2018 22:26:25,20.99,1075,46.58
815,10/06/2018 23:01:13,20.99,1073.9,46.63
816,10/06/2018 23:41:53,21.11,1075,46.60
817,11/06/2018 00:17:47,21.11,1075.1,46.60
818,11/06/2018 00:53:33,21.23,1075.3,46.61
819,11/06/2018 01:29:37,21.23,1075.5,46.60
820,11/06/2018 02:03:46,21.34,1075.3,46.63
821,11/06/2018 02:43:20,21.35,1075.6,46.61
822,11/06/2018 03:19:15,21.35,1075.6,46.61
823,11/06/2018 03:55:48,21.48,1075.6,46.64
824,11/06/2018 04:31:56,21.48,1075.6,46.64
825,11/06/2018 05:04:36,21.47,1075.6,46.63
826,11/06/2018 05:44:34,21.6,1075.6,46.65
827,11/06/2018 06:20:27,21.6,1075.5,46.66
828,11/06/2018 06:56:27,21.65,1075.6,46.66
829,11/06/2018 07:33:21,21.72,1075.6,46.67
830,11/06/2018 08:06:54,21.91,1075.9,46.69
831,11/06/2018 08:47:15,22.46,1077.4,46.71
832,11/06/2018 09:22:19,22.71,1078.7,46.70
833,11/06/2018 09:58:26,23.07,1079.6,46.71
834,11/06/2018 10:33:52,22.96,1079.6,46.70
835,11/06/2018 15:33:05,26.29,1087.4,46.88
836,11/06/2018 15:34:34,26.29,1087.4,46.88
837,11/06/2018 16:14:51,25.68,1087.2,46.80
838,11/06/2018 16:52:13,25.3,1086.5,46.77
839,11/06/2018 17:27:55,25.3,1086.1,46.78
840,11/06/2018 18:05:02,25.18,1084.2,46.85
841,11/06/2018 18:41:09,25.06,1085.6,46.77
842,11/06/2018 19:17:33,24.69,1083.6,46.80
843,11/06/2018 19:55:35,24.56,1083.6,46.78
844,11/06/2018 20:33:06,24.42,1083.5,46.76
845,11/06/2018 21:08:33,24.32,1083.5,46.74
846,11/06/2018 21:43:24,24.32,1083.3,46.75
847,11/06/2018 22:18:05,24.19,1083.5,46.72
848,11/06/2018 22:54:40,24.19,1083.1,46.74
849,11/06/2018 23:32:34,24.07,1082.5,46.75
850,12/06/2018 00:05:29,24.07,1083,46.72
851,12/06/2018 00:43:13,23.95,1082.9,46.71
852,12/06/2018 01:15:58,23.82,1082.3,46.71
853,12/06/2018 01:53:53,23.7,1082.1,46.70
854,12/06/2018 02:30:48,23.57,1080.5,46.75
855,12/06/2018 03:06:59,23.57,1080.7,46.74
856,12/06/2018 03:41:19,23.45,1079.9,46.76
857,12/06/2018 04:18:20,23.33,1079.9,46.74
858,12/06/2018 04:54:23,23.08,1079.6,46.72
859,12/06/2018 05:29:39,23.08,1079.6,46.72
860,12/06/2018 06:07:44,22.96,1079.6,46.70
861,12/06/2018 06:43:39,22.96,1079.6,46.70
862,12/06/2018 07:17:36,22.84,1079.5,46.68
863,12/06/2018 07:52:45,22.34,1078.7,46.64
864,12/06/2018 08:34:36,22.22,1077.4,46.67
865,12/06/2018 09:10:06,21.69,1075.6,46.67
866,12/06/2018 09:42:23,21.23,1075.6,46.60
867,12/06/2018 10:21:50,21.35,1075.6,46.61
868,12/06/2018 10:57:08,21.48,1075.6,46.64
869,12/06/2018 11:32:32,21.85,1075.6,46.69
870,12/06/2018 12:08:51,21.85,1075.7,46.69
871,12/06/2018 12:45:03,21.85,1075.6,46.69
872,12/06/2018 13:19:28,21.97,1077.2,46.64
873,12/06/2018 13:54:14,22.34,1077.6,46.68
874,12/06/2018 14:31:50,22.46,1078.2,46.68
875,12/06/2018 15:08:00,22.34,1079.2,46.62
876,12/06/2018 15:44:42,22.22,1077.8,46.66
877,12/06/2018 16:21:28,22.1,1077.4,46.66
878,12/06/2018 16:58:13,22.1,1076.5,46.69
879,12/06/2018 17:36:25,21.91,1076.9,46.65
880,12/06/2018 18:13:41,21.84,1075.8,46.68
881,12/06/2018 18:49:58,21.97,1075.7,46.71
882,12/06/2018 19:26:46,21.99,1075.7,46.71
883,12/06/2018 20:01:04,21.97,1075.6,46.71
884,12/06/2018 20:39:31,21.72,1075.8,46.66
885,12/06/2018 21:16:22,21.78,1075.8,46.67
886,12/06/2018 21:52:05,21.6,1075.6,46.65
887,12/06/2018 22:28:44,21.6,1075.6,46.65
888,12/06/2018 23:02:37,21.42,1075.6,46.63
889,12/06/2018 23:42:40,21.36,1075.6,46.62
890,13/06/2018 00:18:49,21.29,1075.4,46.61
891,13/06/2018 00:55:42,21.22,1075.4,46.60
892,13/06/2018 01:33:03,20.99,1073,46.67
893,13/06/2018 02:07:54,20.61,1073.7,46.58
894,13/06/2018 02:46:19,20.37,1073.1,46.57
895,13/06/2018 03:23:19,20.24,1071.7,46.61
896,13/06/2018 04:00:25,20,1071.7,46.57
897,13/06/2018 04:36:59,19.75,1071.4,46.54
898,13/06/2018 05:14:09,19.63,1071.1,46.54
899,13/06/2018 05:53:20,19.5,1069.1,46.60
900,13/06/2018 06:30:53,19.13,1070.3,46.49
901,13/06/2018 07:08:29,19.02,1068.4,46.56
902,13/06/2018 07:46:36,18.88,1068.9,46.51
903,13/06/2018 08:25:44,18.64,1067.8,46.52
904,13/06/2018 09:03:05,18.64,1067.9,46.52
905,13/06/2018 09:41:11,18.63,1067.7,46.53
906,13/06/2018 10:19:11,18.58,1068,46.51
907,13/06/2018 10:39:04,18.51,1067.8,46.50
908,13/06/2018 10:53:15,18.51,1067.8,46.50
909,13/06/2018 10:54:17,18.51,1067.7,46.51
910,13/06/2018 11:03:22,18.51,1068.2,46.49
911,13/06/2018 11:26:42,18.51,1067.8,46.50
912,13/06/2018 11:55:17,18.68,1067.8,46.53
913,13/06/2018 12:27:31,18.88,1068.7,46.52
914,13/06/2018 13:05:34,19.01,1067.9,46.58
915,13/06/2018 13:56:04,19.13,1069.9,46.51
916,13/06/2018 14:37:13,19.13,1070.4,46.49
917,13/06/2018 15:48:08,19.63,1071.7,46.51
918,13/06/2018 17:03:39,20.24,1071.7,46.61
919,13/06/2018 18:07:45,19.13,1070.7,46.48
920,13/06/2018 20:01:25,18.51,1067.8,46.50
921,13/06/2018 20:38:53,18.3,1067.7,46.47
922,13/06/2018 22:02:32,18.15,1067.6,46.45
923,13/06/2018 23:03:42,17.9,1067.7,46.41
924,13/06/2018 23:35:33,17.77,1066.9,46.42
925,14/06/2018 00:41:54,17.77,1067.5,46.40
926,14/06/2018 01:47:50,17.45,1064.9,46.46
927,14/06/2018 02:10:43,17.28,1065.5,46.41
928,14/06/2018 02:58:21,17.16,1064.8,46.42
929,14/06/2018 03:56:51,16.91,1063.7,46.43
930,14/06/2018 04:52:16,16.66,1063.7,46.39
931,14/06/2018 05:10:42,16.54,1063.7,46.37
932,14/06/2018 05:50:23,16.42,1063.7,46.35
933,14/06/2018 06:38:25,16.29,1063.1,46.35
934,14/06/2018 07:22:48,15.8,1062.1,46.32
935,14/06/2018 08:00:51,14.93,1060.3,46.26
936,14/06/2018 08:12:38,14.82,1059.9,46.26
937,14/06/2018 08:47:00,14.81,1059.7,46.26
938,14/06/2018 09:25:13,14.76,1059.7,46.26
939,14/06/2018 10:01:22,14.81,1059.7,46.26
940,14/06/2018 10:37:40,16.04,1059.7,46.46
941,14/06/2018 11:03:22,16.42,1061.3,46.45
942,14/06/2018 11:16:32,16.54,1062.9,46.40
943,14/06/2018 11:48:32,16.91,1063.7,46.43
944,14/06/2018 12:17:31,17.16,1063.7,46.47
945,14/06/2018 12:45:32,17.28,1065.2,46.42
946,14/06/2018 13:10:46,17.47,1064.3,46.49
947,14/06/2018 13:34:15,17.25,1065.6,46.40
948,14/06/2018 13:56:57,17.28,1064.4,46.45
949,14/06/2018 14:07:36,17.5,1065.1,46.46
950,14/06/2018 14:23:40,17.43,1065.1,46.45
951,14/06/2018 14:42:03,17.4,1066.1,46.40
952,14/06/2018 14:58:54,17.55,1066,46.43
953,14/06/2018 15:15:42,17.65,1066.3,46.43
954,14/06/2018 15:31:04,17.65,1066.6,46.42
955,14/06/2018 15:45:55,17.77,1067.1,46.42
956,14/06/2018 15:59:44,17.9,1067,46.44
957,14/06/2018 16:12:53,18.02,1067.5,46.44
958,14/06/2018 16:25:17,18.27,1067.7,46.47
959,14/06/2018 16:37:15,18.27,1067.7,46.47
960,14/06/2018 16:48:30,18.51,1067.7,46.51
961,14/06/2018 16:59:22,18.67,1067.7,46.53
962,14/06/2018 17:05:20,18.64,1068.3,46.50
963,14/06/2018 17:12:43,18.51,1068.2,46.49
964,14/06/2018 17:24:08,18.27,1067.9,46.46
965,14/06/2018 17:33:36,18.15,1067.7,46.45
966,14/06/2018 17:42:56,18.15,1067.7,46.45
967,14/06/2018 17:52:03,18.02,1067.7,46.43
968,14/06/2018 18:01:24,17.9,1067.7,46.41
969,14/06/2018 18:10:02,17.9,1067.7,46.41
970,14/06/2018 18:18:22,17.77,1067.3,46.41
971,14/06/2018 18:26:51,17.77,1067.4,46.40
972,14/06/2018 18:34:59,17.65,1067.7,46.37
973,14/06/2018 18:42:52,17.65,1067.7,46.37
974,14/06/2018 18:50:32,17.53,1067.6,46.36
975,14/06/2018 18:58:07,17.65,1067.6,46.37
976,14/06/2018 19:05:34,17.68,1066.4,46.43
977,14/06/2018 19:12:56,17.65,1067.7,46.37
978,14/06/2018 19:20:12,17.68,1065.3,46.48
979,14/06/2018 19:27:17,17.65,1066.4,46.43
980,14/06/2018 19:34:12,17.72,1067.1,46.41
981,14/06/2018 19:41:00,17.65,1067,46.40
982,14/06/2018 19:47:41,17.65,1067.7,46.37
983,14/06/2018 19:54:17,17.65,1066,46.44
984,14/06/2018 20:00:20,17.66,1066.9,46.41
985,14/06/2018 20:04:33,17.65,1067,46.40
986,14/06/2018 20:10:08,17.65,1066.8,46.41
987,14/06/2018 20:16:34,17.65,1066.1,46.44
988,14/06/2018 20:23:38,17.65,1066.4,46.43
989,14/06/2018 20:29:58,17.65,1067,46.40
990,14/06/2018 20:35:57,17.53,1067.6,46.36
991,14/06/2018 20:42:08,17.53,1067.4,46.36
992,14/06/2018 20:48:12,17.53,1067.7,46.35
993,14/06/2018 20:54:13,17.53,1066.1,46.42
994,14/06/2018 21:00:14,17.53,1065.4,46.45
995,14/06/2018 21:06:22,17.53,1066.9,46.39
996,14/06/2018 21:12:24,17.53,1064.7,46.48
997,14/06/2018 21:18:28,17.53,1064.5,46.49
998,14/06/2018 21:24:30,17.4,1065.5,46.43
999,14/06/2018 21:30:32,17.41,1064.5,46.47
1000,14/06/2018 21:36:35,17.5,1066.6,46.39
1001,14/06/2018 21:42:40,17.41,1065.4,46.43
1002,14/06/2018 21:48:45,17.4,1065.5,46.43
1003,14/06/2018 21:54:54,17.4,1066.2,46.40
1004,14/06/2018 22:01:09,17.4,1065.5,46.43
1005,14/06/2018 22:07:21,17.4,1065.3,46.43
1006,14/06/2018 22:13:43,17.28,1064.7,46.44
1007,14/06/2018 22:20:03,17.28,1064.4,46.45
1008,14/06/2018 22:26:36,17.29,1065.8,46.40
1009,14/06/2018 22:33:03,17.4,1065,46.45
1010,14/06/2018 22:39:41,17.31,1065.6,46.41
1011,14/06/2018 22:46:26,17.28,1064,46.47
1012,14/06/2018 22:53:04,17.31,1064.8,46.44
1013,14/06/2018 22:59:52,17.28,1065.5,46.41
1014,14/06/2018 23:03:51,17.28,1065.1,46.42
1015,14/06/2018 23:10:52,17.28,1065.1,46.42
1016,14/06/2018 23:19:24,17.21,1065,46.42
1017,14/06/2018 23:26:21,17.28,1064.2,46.46
1018,14/06/2018 23:33:42,17.22,1064.3,46.45
1019,14/06/2018 23:41:22,17.26,1064.5,46.45
1020,14/06/2018 23:49:34,17.23,1064.8,46.43
1021,15/06/2018 00:09:17,17.16,1064.5,46.43
1022,15/06/2018 00:28:51,17.16,1064.1,46.45
1023,15/06/2018 00:45:59,17.16,1064.5,46.43
1024,15/06/2018 01:02:11,17.03,1063.7,46.45
1025,15/06/2018 01:17:58,17.03,1063.7,46.45
1026,15/06/2018 01:33:24,16.91,1063.7,46.43
1027,15/06/2018 01:48:53,16.91,1063.7,46.43
1028,15/06/2018 02:01:17,16.91,1063.7,46.43
1029,15/06/2018 02:13:01,16.91,1063.7,46.43
1030,15/06/2018 02:30:31,16.79,1063.7,46.41
1031,15/06/2018 02:46:45,16.66,1063.7,46.39
1032,15/06/2018 03:03:59,16.66,1063.7,46.39
1033,15/06/2018 03:22:55,16.66,1063.7,46.39
1034,15/06/2018 03:48:56,16.54,1063.6,46.37
1035,15/06/2018 04:22:37,16.53,1063.7,46.37
1036,15/06/2018 04:59:44,16.42,1063.7,46.35
1037,15/06/2018 05:31:27,16.29,1062.8,46.37
1038,15/06/2018 06:07:26,16.29,1063.5,46.34
1039,15/06/2018 06:43:24,16.17,1063.4,46.32
1040,15/06/2018 07:20:18,16.09,1062.7,46.34
1041,15/06/2018 07:56:25,16.04,1063.4,46.30
1042,15/06/2018 08:28:11,16.04,1062.9,46.32
1043,15/06/2018 08:59:19,15.68,1062.5,46.28
1044,15/06/2018 09:31:50,15.44,1060.1,46.35
1045,15/06/2018 10:14:05,15.31,1060.1,46.33
1046,15/06/2018 10:48:51,15.31,1059.7,46.34
1047,15/06/2018 11:14:10,15.55,1060.1,46.37
1048,15/06/2018 11:49:36,16.04,1060.5,46.43
1049,15/06/2018 12:20:57,16.29,1062.2,46.39
1050,15/06/2018 12:51:27,16.42,1063.7,46.35
1051,15/06/2018 13:22:28,16.04,1062.8,46.33
1052,15/06/2018 13:52:43,15.93,1061,46.39
1053,15/06/2018 14:16:28,16.14,1061.3,46.41
1054,15/06/2018 14:47:58,16.04,1062.1,46.36
1055,15/06/2018 15:17:23,16.17,1062.8,46.35
1056,15/06/2018 15:46:14,16.38,1063.1,46.37
1057,15/06/2018 16:14:26,16.49,1063.7,46.36
1058,15/06/2018 16:44:21,16.66,1063.7,46.39
1059,15/06/2018 17:03:32,16.56,1063.7,46.37
1060,15/06/2018 17:34:35,16.63,1063.7,46.38
1061,15/06/2018 18:00:55,16.55,1063.4,46.38
1062,15/06/2018 18:26:43,16.57,1063.7,46.37
1063,15/06/2018 18:52:44,16.61,1063.7,46.38
1064,15/06/2018 19:19:06,16.66,1063.7,46.39
1065,15/06/2018 19:46:09,16.54,1063.7,46.37
1066,15/06/2018 20:03:29,16.65,1063.7,46.38
1067,15/06/2018 20:33:41,16.54,1063.7,46.37
1068,15/06/2018 20:57:11,16.54,1063.7,46.37
1069,15/06/2018 21:20:48,16.42,1063.7,46.35
1070,15/06/2018 21:44:29,16.42,1063.7,46.35
1071,15/06/2018 22:07:39,16.29,1063.4,46.34
1072,15/06/2018 22:30:39,16.29,1063.3,46.34
1073,15/06/2018 22:54:04,16.17,1063.3,46.32
1074,15/06/2018 23:03:56,16.17,1062.9,46.34
1075,15/06/2018 23:30:13,16.17,1063.2,46.33
1076,15/06/2018 23:48:58,16.16,1063.1,46.33
1077,16/06/2018 00:08:12,16.02,1063.2,46.31
1078,16/06/2018 00:27:19,16.02,1062.3,46.34
1079,16/06/2018 00:46:02,15.92,1061.9,46.35
1080,16/06/2018 01:04:25,15.92,1061.4,46.37
1081,16/06/2018 01:22:19,15.8,1061.2,46.36
1082,16/06/2018 01:40:18,15.8,1061.1,46.36
1083,16/06/2018 01:58:09,15.69,1061.4,46.33
1084,16/06/2018 02:04:01,15.68,1060.5,46.37
1085,16/06/2018 02:26:11,15.68,1060.2,46.38
1086,16/06/2018 02:41:10,15.55,1059.8,46.38
1087,16/06/2018 02:56:12,15.58,1060,46.37
1088,16/06/2018 03:11:26,15.55,1061,46.33
1089,16/06/2018 03:26:07,15.52,1059.7,46.38
1090,16/06/2018 03:40:39,15.55,1059.7,46.38
1091,16/06/2018 03:55:42,15.31,1059.7,46.34
1092,16/06/2018 04:14:17,15.43,1059.7,46.36
1093,16/06/2018 04:32:53,15.43,1059.7,46.36
1094,16/06/2018 04:50:43,15.31,1059.9,46.34
1095,16/06/2018 05:01:20,15.31,1059.7,46.34
1096,16/06/2018 05:13:57,15.31,1059.7,46.34
1097,16/06/2018 05:31:31,15.31,1059.7,46.34
1098,16/06/2018 05:46:15,15.18,1059.7,46.32
1099,16/06/2018 06:00:40,15.18,1059.7,46.32
1100,16/06/2018 06:14:50,15.18,1059.7,46.32
1101,16/06/2018 06:28:37,15.18,1059.7,46.32
1102,16/06/2018 06:42:27,15.06,1059.7,46.30
1103,16/06/2018 06:55:29,15.06,1059.7,46.30
1104,16/06/2018 07:08:22,15.06,1059.7,46.30
1105,16/06/2018 07:20:45,15.06,1059.7,46.30
1106,16/06/2018 07:32:22,15.06,1059.7,46.30
1107,16/06/2018 07:43:54,15.06,1059.7,46.30
1108,16/06/2018 07:54:52,14.93,1059.6,46.29
1109,16/06/2018 08:01:12,14.93,1059.7,46.28
1110,16/06/2018 08:08:52,14.93,1059.7,46.28
1111,16/06/2018 08:21:30,14.93,1059.6,46.29
1112,16/06/2018 08:31:55,14.93,1059.7,46.28
1113,16/06/2018 08:42:01,14.93,1059.7,46.28
1114,16/06/2018 08:52:15,14.93,1059.7,46.28
1115,16/06/2018 09:02:09,14.93,1059.7,46.28
1116,16/06/2018 09:12:01,14.93,1059.4,46.30
1117,16/06/2018 09:21:39,14.93,1059.4,46.30
1118,16/06/2018 09:30:56,14.93,1059.7,46.28
1119,16/06/2018 09:40:14,14.93,1059.7,46.28
1120,16/06/2018 09:49:09,14.93,1059.5,46.29
1121,16/06/2018 09:58:08,14.93,1059.7,46.28
1122,16/06/2018 10:06:43,14.93,1059.7,46.28
1123,16/06/2018 10:15:14,14.93,1059.2,46.30
1124,16/06/2018 10:23:14,14.87,1059.6,46.28
1125,16/06/2018 10:30:50,14.87,1059.5,46.28
1126,16/06/2018 10:38:29,14.82,1059.7,46.27
1127,16/06/2018 10:46:08,14.93,1059.7,46.28
1128,16/06/2018 10:53:38,14.81,1059.7,46.26
1129,16/06/2018 11:00:28,14.93,1059.7,46.28
1130,16/06/2018 11:06:41,14.81,1059.2,46.29
1131,16/06/2018 11:14:29,14.81,1059.4,46.28
1132,16/06/2018 11:24:04,14.94,1059.5,46.29
1133,16/06/2018 11:31:13,14.95,1059.6,46.29
1134,16/06/2018 11:38:48,14.96,1059.7,46.29
1135,16/06/2018 11:46:10,15.06,1059.7,46.30
1136,16/06/2018 11:53:30,15.06,1059.7,46.30
1137,16/06/2018 12:00:38,15.06,1059.7,46.30
1138,16/06/2018 12:07:31,15.18,1059.6,46.33
1139,16/06/2018 12:14:26,15.18,1059.7,46.32
1140,16/06/2018 12:21:31,15.18,1059.7,46.32
1141,16/06/2018 12:28:32,15.26,1059.7,46.34
1142,16/06/2018 12:35:29,15.31,1059.7,46.34
1143,16/06/2018 12:42:27,15.31,1059.7,46.34
1144,16/06/2018 12:49:15,15.43,1059.7,46.36
1145,16/06/2018 12:55:48,15.31,1059.7,46.34
1146,16/06/2018 13:02:17,15.31,1059.7,46.34
1147,16/06/2018 13:08:49,15.54,1059.7,46.38
1148,16/06/2018 13:15:26,15.46,1059.7,46.37
1149,16/06/2018 13:22:02,15.55,1059.8,46.38
1150,16/06/2018 13:28:40,15.55,1060,46.37
1151,16/06/2018 13:35:19,15.56,1059.7,46.38
1152,16/06/2018 13:41:53,15.55,1059.7,46.38
1153,16/06/2018 13:48:21,15.68,1060.2,46.38
1154,16/06/2018 13:54:50,15.68,1060.2,46.38
1155,16/06/2018 14:00:29,15.68,1060.6,46.36
1156,16/06/2018 14:05:11,15.68,1061.3,46.33
1157,16/06/2018 14:11:51,15.8,1061.5,46.34
1158,16/06/2018 14:19:50,15.8,1061.1,46.36
1159,16/06/2018 14:26:31,15.8,1062.1,46.32
1160,16/06/2018 14:32:53,15.92,1061.1,46.38
1161,16/06/2018 14:39:12,15.92,1060.1,46.42
1162,16/06/2018 14:45:32,15.92,1061.8,46.35
1163,16/06/2018 14:51:52,15.92,1060.8,46.39
1164,16/06/2018 14:58:14,16,1060.7,46.41
1165,16/06/2018 15:04:39,15.95,1061.5,46.37
1166,16/06/2018 15:10:59,16.04,1062.6,46.33
1167,16/06/2018 15:17:29,16.04,1060.3,46.44
1168,16/06/2018 15:23:52,16.04,1062.4,46.34
1169,16/06/2018 15:30:12,16.16,1062.8,46.34
1170,16/06/2018 15:36:31,16.23,1061.3,46.42
1171,16/06/2018 15:42:53,16.17,1063.6,46.31
1172,16/06/2018 15:49:26,16.29,1063.6,46.33
1173,16/06/2018 15:55:59,16.29,1063.6,46.33
1174,16/06/2018 16:02:33,16.42,1063.7,46.35
1175,16/06/2018 16:09:04,16.42,1063.1,46.37
1176,16/06/2018 16:15:50,16.42,1063.7,46.35
1177,16/06/2018 16:22:49,16.54,1063,46.40
1178,16/06/2018 16:30:21,16.45,1063.6,46.36
1179,16/06/2018 16:39:29,16.54,1063.6,46.37
1180,16/06/2018 16:54:55,16.54,1063.7,46.37
1181,16/06/2018 18:46:59,16.22,1063.5,46.32
1182,16/06/2018 22:51:38,15.54,1061.1,46.32
1183,17/06/2018 08:27:04,14.19,1058.4,46.22
1184,17/06/2018 15:21:01,15.43,1060.1,46.35
1185,17/06/2018 23:05:08,15.06,1059.7,46.30
1186,18/06/2018 05:00:14,15.04,1059.3,46.32
1187,18/06/2018 10:26:43,15.18,1059.5,46.33
1188,18/06/2018 10:55:54,15.43,1059.7,46.36
1189,18/06/2018 14:08:33,16.79,1063.7,46.41
1190,18/06/2018 14:20:54,16.91,1063.7,46.43
1191,18/06/2018 14:43:36,17.03,1063.7,46.45
1192,18/06/2018 14:44:26,17.03,1063.7,46.45
1193,18/06/2018 15:46:14,17.52,1065.4,46.45
1194,18/06/2018 20:18:59,16.91,1063.7,46.43
1195,18/06/2018 22:47:38,16.57,1063.7,46.37
1196,19/06/2018 01:32:40,16.54,1063.4,46.38
1197,19/06/2018 04:06:09,16.17,1060.8,46.43
1198,19/06/2018 07:07:17,15.8,1059.9,46.41
1199,19/06/2018 09:32:59,15.41,1059.7,46.36
1200,19/06/2018 12:29:26,17.16,1063.7,46.47
1201,19/06/2018 14:41:38,19.01,1067.7,46.59
1202,19/06/2018 17:14:26,19.75,1071.7,46.53
1203,19/06/2018 19:14:00,18.88,1068.1,46.55
1204,19/06/2018 21:38:48,18.39,1067.7,46.49
1205,19/06/2018 23:35:57,18.02,1065.7,46.52
1206,20/06/2018 01:23:23,17.53,1063.7,46.53
1207,20/06/2018 03:04:05,17.27,1063.7,46.48
1208,20/06/2018 04:48:36,16.88,1063.7,46.42
1209,20/06/2018 06:24:21,16.76,1063.5,46.41
1210,20/06/2018 07:53:42,16.6,1063.2,46.40
1211,20/06/2018 08:04:31,16.54,1063.3,46.38
1212,20/06/2018 08:36:44,16.29,1062.2,46.39
1213,20/06/2018 10:28:01,17.16,1063.7,46.47
1214,20/06/2018 10:37:14,17.19,1063.7,46.47
1215,20/06/2018 11:03:14,17.47,1064.2,46.49
1216,20/06/2018 11:08:05,17.53,1064.1,46.51
1217,20/06/2018 11:25:09,17.74,1064.6,46.52
1218,20/06/2018 11:37:46,17.9,1066.1,46.48
1219,20/06/2018 11:51:27,18.02,1066.4,46.49
1220,20/06/2018 12:04:54,18.27,1067.5,46.48
1221,20/06/2018 12:32:48,18.66,1067.7,46.53
1222,20/06/2018 12:46:36,18.89,1067.7,46.57
1223,20/06/2018 13:00:08,19.01,1067.8,46.58
1224,20/06/2018 13:13:44,19.26,1068.4,46.60
1225,20/06/2018 13:27:45,19.5,1069.4,46.59
1226,20/06/2018 13:41:47,19.63,1070.1,46.58
1227,20/06/2018 13:56:04,19.75,1071.2,46.55
1228,20/06/2018 14:13:08,20.12,1071.4,46.60
1229,20/06/2018 14:27:57,20.49,1071.7,46.65
1230,20/06/2018 14:46:29,20.74,1071.7,46.69
1231,20/06/2018 15:11:03,21.11,1073.7,46.66
1232,20/06/2018 17:42:06,22.1,1078.9,46.59
1233,20/06/2018 18:35:28,21.48,1075.6,46.64
1234,20/06/2018 19:25:02,20.99,1075.4,46.57
1235,20/06/2018 20:16:32,20.49,1072.5,46.61
1236,20/06/2018 21:00:09,20.24,1071.7,46.61
1237,20/06/2018 21:44:59,20.12,1071.7,46.59
1238,20/06/2018 22:24:55,20.12,1071.7,46.59
1239,20/06/2018 23:04:54,19.88,1071.3,46.57
1240,20/06/2018 23:42:12,19.75,1070.7,46.57
1241,21/06/2018 00:18:36,19.5,1069,46.61
1242,21/06/2018 00:53:10,19.5,1068.9,46.61
1243,21/06/2018 01:25:44,19.38,1068.8,46.60
1244,21/06/2018 01:59:43,19.38,1067.8,46.64
1245,21/06/2018 02:31:51,19.26,1067.7,46.63
1246,21/06/2018 03:04:30,19.13,1069.1,46.54
1247,21/06/2018 03:37:24,19.01,1068.5,46.55
1248,21/06/2018 04:08:55,19.08,1067.7,46.60
1249,21/06/2018 04:38:45,18.95,1067.9,46.57
1250,21/06/2018 05:08:37,18.76,1067.7,46.55
1251,21/06/2018 05:37:44,18.76,1067.7,46.55
1252,21/06/2018 06:06:35,18.64,1067.7,46.53
1253,21/06/2018 06:34:02,18.54,1067.7,46.51
1254,21/06/2018 07:02:23,18.54,1067.7,46.51
1255,21/06/2018 07:29:11,17.65,1067.4,46.38
1256,21/06/2018 07:54:57,17.64,1065.8,46.45
1257,21/06/2018 08:11:28,17.77,1066.5,46.44
1258,21/06/2018 08:24:00,17.8,1066.4,46.45
1259,21/06/2018 08:41:58,17.77,1064,46.55
1260,21/06/2018 09:04:28,17.9,1066.4,46.47
1261,21/06/2018 09:27:05,18.15,1066.1,46.52
1262,21/06/2018 09:51:16,18.39,1067.4,46.50
1263,21/06/2018 10:16:53,18.76,1067.7,46.55
1264,21/06/2018 10:42:19,18.98,1067.9,46.57
1265,21/06/2018 11:08:46,19.26,1069.1,46.57
1266,21/06/2018 11:12:46,19.26,1068.2,46.60
1267,21/06/2018 11:30:01,19.38,1071.2,46.49
1268,21/06/2018 12:24:19,20.24,1071.7,46.61
1269,21/06/2018 12:48:17,20.37,1071.7,46.63
1270,21/06/2018 13:13:43,20.74,1071.8,46.68
1271,21/06/2018 13:40:43,22.34,1075.6,46.77
1272,21/06/2018 14:10:05,23.33,1078.3,46.81
1273,21/06/2018 17:34:48,23.82,1083.5,46.66
1274,21/06/2018 18:11:38,23.35,1081.3,46.68
1275,21/06/2018 18:50:03,23.33,1079.7,46.75
1276,21/06/2018 19:30:13,23.21,1079.6,46.74
1277,21/06/2018 20:09:46,23.21,1079.6,46.74
1278,21/06/2018 20:49:25,22.96,1078.7,46.74
1279,21/06/2018 21:29:50,22.71,1079.5,46.66
1280,21/06/2018 22:11:40,22.71,1079,46.68
1281,21/06/2018 22:54:21,22.84,1078.3,46.73
1282,21/06/2018 23:37:33,22.71,1078.1,46.72
1283,22/06/2018 00:20:53,22.59,1077.5,46.73
1284,22/06/2018 01:04:45,22.46,1077.9,46.69
1285,22/06/2018 01:48:33,22.22,1077,46.69
1286,22/06/2018 02:32:37,21.97,1076,46.70
1287,22/06/2018 03:17:49,21.85,1075.6,46.69
1288,22/06/2018 04:03:30,21.6,1075.6,46.65
1289,22/06/2018 04:49:18,21.48,1075.6,46.64
1290,22/06/2018 05:34:38,21.23,1075.4,46.60
1291,22/06/2018 06:21:17,21.11,1073.9,46.65
1292,22/06/2018 07:08:59,20.86,1075.6,46.54
1293,22/06/2018 07:57:42,20.74,1073.2,46.62
1294,22/06/2018 08:47:25,19.26,1071.6,46.46
1295,22/06/2018 09:35:49,19.13,1069.9,46.51
1296,22/06/2018 10:25:14,18.71,1068.6,46.50
1297,22/06/2018 11:08:21,18.76,1067.9,46.54
1298,22/06/2018 11:44:28,18.64,1067.9,46.52
1299,22/06/2018 12:44:10,19.26,1067.8,46.62
1300,22/06/2018 13:25:27,19.63,1071,46.54
1301,22/06/2018 13:49:32,20,1071.7,46.57
1302,22/06/2018 14:39:10,20.5,1071.7,46.65
1303,22/06/2018 15:50:54,20.99,1074.6,46.60
1304,22/06/2018 16:44:37,21.48,1075.6,46.64
1305,22/06/2018 17:29:32,21.35,1075.6,46.61
1306,22/06/2018 18:14:54,21.23,1075.6,46.60
1307,22/06/2018 18:57:13,20.86,1075.6,46.54
1308,22/06/2018 19:38:58,20.74,1075.2,46.54
1309,22/06/2018 20:17:49,20.49,1073.2,46.58
1310,22/06/2018 20:54:25,20.37,1072.4,46.60
1311,22/06/2018 21:27:52,20.37,1072.2,46.61
1312,22/06/2018 21:59:31,20.27,1071.8,46.61
1313,22/06/2018 22:29:13,20.12,1072.2,46.57
1314,22/06/2018 22:56:44,20.24,1071.7,46.61
1315,22/06/2018 23:22:34,20.12,1071.7,46.59
1316,22/06/2018 23:46:58,20.12,1071.7,46.59
1317,23/06/2018 00:10:19,20,1071.7,46.57
1318,23/06/2018 00:32:36,19.89,1071.7,46.55
1319,23/06/2018 00:53:55,19.87,1071.7,46.55
1320,23/06/2018 01:14:08,19.85,1071.7,46.55
1321,23/06/2018 01:33:36,19.76,1071.7,46.53
1322,23/06/2018 01:52:18,19.75,1071.6,46.53
1323,23/06/2018 02:10:22,19.75,1071.6,46.53
1324,23/06/2018 02:27:59,19.75,1071.7,46.53
1325,23/06/2018 02:44:50,19.75,1071.7,46.53
1326,23/06/2018 03:02:42,19.7,1071.4,46.54
1327,23/06/2018 03:21:41,19.63,1071.7,46.51
1328,23/06/2018 03:25:05,19.63,1071.7,46.51
1329,23/06/2018 03:38:56,19.63,1071.7,46.51
1330,23/06/2018 03:55:10,19.56,1071.2,46.52
1331,23/06/2018 04:10:54,19.5,1071.5,46.50
1332,23/06/2018 04:26:12,19.5,1070.9,46.53
1333,23/06/2018 04:41:01,19.5,1071.5,46.50
1334,23/06/2018 04:55:39,19.5,1071.1,46.52
1335,23/06/2018 05:09:38,19.5,1071.3,46.51
1336,23/06/2018 05:23:16,19.38,1070.1,46.54
1337,23/06/2018 05:36:33,19.5,1069.8,46.57
1338,23/06/2018 05:49:44,19.38,1071.1,46.50
1339,23/06/2018 06:02:28,19.38,1070.8,46.51
1340,23/06/2018 06:15:00,19.38,1071.3,46.49
1341,23/06/2018 06:26:59,19.38,1070.8,46.51
1342,23/06/2018 06:38:30,19.38,1071.6,46.48
1343,23/06/2018 06:49:58,19.38,1070.1,46.54
1344,23/06/2018 07:00:57,19.38,1071.1,46.50
1345,23/06/2018 07:11:46,19.38,1070.2,46.54
1346,23/06/2018 07:22:27,19.38,1070.9,46.51
1347,23/06/2018 07:32:45,19.38,1071.5,46.48
1348,23/06/2018 07:43:07,19.38,1070.4,46.53
1349,23/06/2018 07:53:09,19.38,1071.3,46.49
1350,23/06/2018 08:03:06,19.38,1070.2,46.54
1351,23/06/2018 08:13:22,19.38,1070.5,46.52
1352,23/06/2018 08:23:22,19.38,1071.2,46.49
1353,23/06/2018 08:33:22,19.38,1071.2,46.49
1354,23/06/2018 08:43:00,19.38,1071.4,46.48
1355,23/06/2018 08:52:24,19.38,1069.5,46.57
1356,23/06/2018 09:01:41,19.5,1071.3,46.51
1357,23/06/2018 09:10:43,19.5,1070.8,46.53
1358,23/06/2018 09:19:53,19.5,1071.4,46.50
1359,23/06/2018 09:28:47,19.56,1070.9,46.53
1360,23/06/2018 09:37:29,19.63,1070.1,46.58
1361,23/06/2018 09:46:09,19.63,1071.2,46.53
1362,23/06/2018 09:54:37,19.63,1071,46.54
1363,23/06/2018 10:03:13,19.63,1071.7,46.51
1364,23/06/2018 10:11:58,19.75,1071.3,46.55
1365,23/06/2018 10:20:38,19.75,1071.5,46.54
1366,23/06/2018 10:29:02,19.75,1071.3,46.55
1367,23/06/2018 10:37:12,19.75,1071.2,46.55
1368,23/06/2018 10:45:21,19.75,1071.5,46.54
1369,23/06/2018 10:53:32,19.75,1071.7,46.53
1370,23/06/2018 11:01:38,19.75,1071.7,46.53
1371,23/06/2018 11:09:27,19.81,1071.7,46.54
1372,23/06/2018 11:17:28,19.87,1071.4,46.56
1373,23/06/2018 11:25:35,19.87,1071.7,46.55
1374,23/06/2018 11:33:30,19.87,1071.7,46.55
1375,23/06/2018 11:41:21,19.87,1071.4,46.56
1376,23/06/2018 11:48:59,19.87,1071.7,46.55
1377,23/06/2018 11:56:45,19.87,1071.7,46.55
1378,23/06/2018 12:04:39,19.77,1071.4,46.55
1379,23/06/2018 12:12:15,19.76,1071.5,46.54
1380,23/06/2018 12:19:50,19.87,1071.7,46.55
1381,23/06/2018 12:27:48,20,1071.4,46.58
1382,23/06/2018 12:35:43,20,1071.6,46.57
1383,23/06/2018 12:43:39,20.12,1071.7,46.59
1384,23/06/2018 12:51:29,20.12,1071.7,46.59
1385,23/06/2018 12:59:01,20.24,1071.7,46.61
1386,23/06/2018 13:06:37,20.24,1071.7,46.61
1387,23/06/2018 13:14:10,20.24,1071.7,46.61
1388,23/06/2018 13:21:30,20.24,1071.8,46.60
1389,23/06/2018 13:29:01,20.24,1072.1,46.59
1390,23/06/2018 13:36:40,20.39,1071.7,46.63
1391,23/06/2018 13:44:03,20.46,1072.1,46.63
1392,23/06/2018 13:51:32,20.49,1071.8,46.64
1393,23/06/2018 13:59:13,20.49,1074.2,46.54
1394,23/06/2018 14:06:47,20.49,1073.2,46.58
1395,23/06/2018 14:14:03,20.55,1072.9,46.61
1396,23/06/2018 14:21:16,20.61,1071.7,46.67
1397,23/06/2018 14:28:31,20.61,1074,46.57
1398,23/06/2018 14:35:46,20.62,1072.9,46.62
1399,23/06/2018 14:43:07,20.62,1073.2,46.60
1400,23/06/2018 14:50:02,20.61,1075,46.52
1401,23/06/2018 14:57:15,20.74,1072.3,46.66
1402,23/06/2018 15:04:33,20.74,1072.5,46.65
1403,23/06/2018 15:11:52,20.74,1073.7,46.60
1404,23/06/2018 15:19:04,20.74,1073.5,46.61
1405,23/06/2018 15:26:11,20.74,1074.3,46.57
1406,23/06/2018 15:33:20,20.74,1074.4,46.57
1407,23/06/2018 15:40:23,20.81,1074.1,46.59
1408,23/06/2018 15:47:22,20.86,1072.8,46.66
1409,23/06/2018 15:54:23,20.86,1073.9,46.61
1410,23/06/2018 16:01:21,20.86,1074.1,46.60
1411,23/06/2018 16:08:16,20.86,1074.7,46.58
1412,23/06/2018 16:15:02,20.86,1075.1,46.56
1413,23/06/2018 16:21:56,20.86,1075.2,46.55
1414,23/06/2018 16:28:59,20.86,1072.8,46.66
1415,23/06/2018 16:36:08,20.99,1074.4,46.61
1416,23/06/2018 16:42:55,20.99,1074,46.63
1417,23/06/2018 16:49:44,20.99,1074.2,46.62
1418,23/06/2018 16:56:47,20.99,1074.3,46.61
1419,23/06/2018 17:03:47,20.99,1074.5,46.61
1420,23/06/2018 17:10:47,20.99,1074.7,46.60
1421,23/06/2018 17:17:43,20.99,1074.6,46.60
1422,23/06/2018 17:24:41,20.99,1074.6,46.60
1423,23/06/2018 17:31:35,21.11,1075.5,46.58
1424,23/06/2018 17:38:21,21.11,1075.2,46.59
1425,23/06/2018 17:44:59,21.11,1074.8,46.61
1426,23/06/2018 17:51:52,21.11,1074.4,46.63
1427,23/06/2018 17:58:40,21.11,1075.3,46.59
1428,23/06/2018 18:05:36,21.11,1075.6,46.58
1429,23/06/2018 18:12:32,21.11,1074.9,46.61
1430,23/06/2018 18:19:36,21.11,1075.6,46.58
1431,23/06/2018 18:26:31,21.11,1074.6,46.62
1432,23/06/2018 18:33:32,21.11,1074.9,46.61
1433,23/06/2018 18:40:25,21.11,1075.3,46.59
1434,23/06/2018 18:47:08,21.23,1074.8,46.63
1435,23/06/2018 18:53:50,21.23,1074,46.67
1436,23/06/2018 19:00:41,21.23,1074.8,46.63
1437,23/06/2018 19:07:10,21.23,1075.6,46.60
1438,23/06/2018 19:13:44,21.23,1075.2,46.61
1439,23/06/2018 19:20:37,21.23,1074.4,46.65
1440,23/06/2018 19:27:23,21.23,1075.6,46.60
1441,23/06/2018 19:34:16,21.23,1074.8,46.63
1442,23/06/2018 19:41:10,21.23,1074.7,46.64
1443,23/06/2018 19:48:05,21.23,1075.4,46.60
1444,23/06/2018 19:54:50,21.23,1075.6,46.60
1445,23/06/2018 20:01:23,21.23,1075.6,46.60
1446,23/06/2018 20:08:09,21.23,1075.6,46.60
1447,23/06/2018 20:14:58,21.35,1075.6,46.61
1448,23/06/2018 20:21:42,21.35,1075.6,46.61
1449,23/06/2018 20:28:06,21.35,1075.4,46.62
1450,23/06/2018 20:34:45,21.35,1075.6,46.61
1451,23/06/2018 20:41:28,21.35,1075.6,46.61
1452,23/06/2018 20:48:18,21.35,1075.2,46.63
1453,23/06/2018 20:55:18,21.35,1075.6,46.61
1454,23/06/2018 21:02:12,21.35,1075.4,46.62
1455,23/06/2018 21:08:47,21.35,1075.2,46.63
1456,23/06/2018 21:15:28,21.35,1075.5,46.62
1457,23/06/2018 21:22:07,21.35,1075.2,46.63
1458,23/06/2018 21:28:47,21.35,1075.6,46.61
1459,23/06/2018 21:41:44,21.35,1075.6,46.61
1460,23/06/2018 21:48:21,21.35,1075.4,46.62
1461,23/06/2018 21:55:05,21.35,1075.4,46.62
1462,23/06/2018 22:01:57,21.35,1075.2,46.63
1463,23/06/2018 22:08:50,21.35,1075.3,46.63
1464,23/06/2018 22:15:50,21.35,1075.4,46.62
1465,23/06/2018 22:22:40,21.35,1075.6,46.61
1466,23/06/2018 22:29:13,21.35,1075.1,46.64
1467,23/06/2018 22:35:55,21.35,1075.6,46.61
1468,23/06/2018 22:42:47,21.35,1075.5,46.62
1469,23/06/2018 22:49:40,21.35,1075.3,46.63
1470,23/06/2018 22:56:27,21.35,1075.6,46.61
1471,23/06/2018 23:03:05,21.39,1075.6,46.62
1472,23/06/2018 23:09:47,21.47,1075,46.66
1473,23/06/2018 23:16:40,21.48,1075.6,46.64
1474,23/06/2018 23:23:35,21.36,1075.4,46.63
1475,23/06/2018 23:30:43,21.48,1075.4,46.64
1476,23/06/2018 23:37:50,21.48,1075.5,46.64
1477,23/06/2018 23:44:54,21.43,1075.2,46.64
1478,23/06/2018 23:51:59,21.36,1075.2,46.63
1479,23/06/2018 23:58:55,21.48,1075.6,46.64
1480,24/06/2018 00:06:14,21.35,1074.3,46.67
1481,24/06/2018 00:13:17,21.35,1075.2,46.63
1482,24/06/2018 00:20:25,21.35,1075.6,46.61
1483,24/06/2018 00:27:40,21.35,1075.4,46.62
1484,24/06/2018 00:34:45,21.35,1075.4,46.62
1485,24/06/2018 00:42:03,21.23,1074.6,46.64
1486,24/06/2018 00:49:30,21.23,1075.6,46.60
1487,24/06/2018 00:56:53,21.11,1075.6,46.58
1488,24/06/2018 01:04:47,21.11,1075,46.60
1489,24/06/2018 01:12:20,20.99,1074.5,46.61
1490,24/06/2018 01:19:58,20.99,1075.2,46.58
1491,24/06/2018 01:27:37,20.99,1074.5,46.61
1492,24/06/2018 01:35:17,20.86,1074.6,46.58
1493,24/06/2018 01:43:02,20.86,1073.8,46.62
1494,24/06/2018 01:50:45,20.74,1075.6,46.52
1495,24/06/2018 01:59:20,20.74,1073.8,46.60
1496,24/06/2018 02:09:28,20.74,1074.5,46.57
1497,24/06/2018 05:12:13,20.24,1071.7,46.61
1498,24/06/2018 10:34:30,19.75,1071.3,46.55
1499,24/06/2018 14:27:34,19.63,1071.6,46.52
1500,24/06/2018 18:36:30,19.13,1068.2,46.58
1501,24/06/2018 22:46:32,18.78,1068.4,46.52
1502,25/06/2018 02:10:16,18.64,1067.7,46.53
1503,25/06/2018 05:23:38,18.27,1067.7,46.47
1504,25/06/2018 08:17:52,16.53,1063.7,46.37
1505,25/06/2018 09:56:03,16.54,1063.7,46.37
1506,25/06/2018 13:50:19,16.42,1063.7,46.35
1507,25/06/2018 18:31:03,17.65,1065.5,46.47
1508,25/06/2018 22:20:14,18.02,1067.4,46.44
1509,26/06/2018 02:36:28,18.02,1066.5,46.48
1510,26/06/2018 07:19:31,17.9,1065.2,46.52
1511,26/06/2018 12:06:05,16.91,1063.7,46.43
1512,26/06/2018 14:05:37,17.53,1066.1,46.42
1513,26/06/2018 17:16:25,18.76,1070.8,46.41
1514,26/06/2018 22:18:02,18.15,1067.2,46.47
1515,27/06/2018 03:27:45,18.02,1067,46.46
1516,27/06/2018 08:13:48,16.91,1063.7,46.43
1517,27/06/2018 10:50:57,17.03,1063.7,46.45
1518,27/06/2018 11:45:09,17.66,1064.6,46.51
1519,27/06/2018 14:05:43,18.51,1067.7,46.51
1520,27/06/2018 18:26:26,19.26,1071.1,46.48
1521,27/06/2018 21:51:37,19.38,1070.9,46.51
1522,28/06/2018 01:15:12,19.26,1068.5,46.59
1523,28/06/2018 04:45:29,19.13,1068.9,46.55
1524,28/06/2018 08:24:50,18.39,1067.7,46.49
1525,28/06/2018 11:16:03,18.63,1067.7,46.53
1526,28/06/2018 11:41:54,18.7,1067.7,46.54
1527,28/06/2018 16:50:04,19.13,1070.6,46.48
1528,28/06/2018 20:52:46,19.5,1070.6,46.54
1529,29/06/2018 02:41:11,19.81,1071.7,46.54
1530,29/06/2018 08:23:10,19.93,1071.7,46.56
1531,29/06/2018 14:38:51,20.24,1071.7,46.61
1532,30/06/2018 01:30:53,20.37,1071.7,46.63
1533,30/06/2018 08:48:48,20.24,1071.7,46.61
1534,30/06/2018 14:12:51,20.74,1072.1,46.67
1535,30/06/2018 18:51:11,20.74,1072.6,46.65
1536,30/06/2018 22:36:50,20.62,1071.7,46.67
1537,01/07/2018 01:39:46,20.61,1071.7,46.67
1538,01/07/2018 04:09:12,20.49,1071.7,46.65
1539,01/07/2018 06:26:41,20.49,1071.7,46.65
1540,01/07/2018 08:30:07,20.38,1071.7,46.63
1541,01/07/2018 10:22:07,20.37,1071.7,46.63
1542,01/07/2018 11:53:53,20.49,1072.1,46.63
1543,01/07/2018 13:15:36,20.86,1073.3,46.64
1544,01/07/2018 14:30:58,21.23,1075.3,46.61
1545,01/07/2018 15:41:06,21.61,1075.6,46.66
1546,01/07/2018 16:44:32,21.97,1076,46.70
1547,01/07/2018 17:44:52,21.97,1077,46.65
1548,01/07/2018 18:38:40,21.94,1076.2,46.68
1549,01/07/2018 19:30:27,21.85,1075.6,46.69
1550,01/07/2018 20:18:44,21.72,1075.6,46.67
1551,01/07/2018 21:06:00,21.72,1075.6,46.67
1552,01/07/2018 21:50:24,21.74,1075.6,46.68
1553,01/07/2018 22:32:23,21.72,1075.6,46.67
1554,01/07/2018 23:13:20,21.84,1075.6,46.69
1555,01/07/2018 23:54:08,21.72,1075.6,46.67
1556,02/07/2018 00:33:14,21.85,1075.6,46.69
1557,02/07/2018 01:11:01,21.73,1075.6,46.68
1558,02/07/2018 01:48:48,21.72,1075.6,46.67
1559,02/07/2018 02:26:25,21.63,1075.6,46.66
1560,02/07/2018 03:03:33,21.61,1075.6,46.66
1561,02/07/2018 03:40:44,21.6,1075.6,46.65
1562,02/07/2018 04:17:54,21.6,1075.6,46.65
1563,02/07/2018 04:56:17,21.52,1075.6,46.64
1564,02/07/2018 05:34:12,21.42,1075.6,46.63
1565,02/07/2018 06:13:24,21.48,1075.6,46.64
1566,02/07/2018 06:53:38,21.48,1074.9,46.67
1567,02/07/2018 07:34:46,21.11,1075.6,46.58
1568,02/07/2018 08:16:00,20.86,1073.4,46.63
1569,02/07/2018 08:59:39,20.99,1074.2,46.62
1570,02/07/2018 09:39:01,21.23,1075.3,46.61
1571,02/07/2018 10:19:23,21.48,1075.1,46.66
1572,02/07/2018 11:00:20,21.97,1075.6,46.71
1573,02/07/2018 11:41:21,22.07,1075.6,46.73
1574,02/07/2018 12:23:15,22.46,1076.8,46.74
1575,02/07/2018 13:04:13,22.46,1077.7,46.70
1576,02/07/2018 13:43:52,21.97,1076.6,46.67
1577,02/07/2018 14:25:00,22.09,1075.7,46.73
1578,02/07/2018 15:06:02,22.22,1076.7,46.70
1579,02/07/2018 16:50:59,24.07,1079.3,46.88
1580,02/07/2018 17:53:10,22.84,1076.3,46.82
1581,02/07/2018 18:32:46,21.97,1074.8,46.75
1582,02/07/2018 19:08:46,22.46,1075.6,46.79
1583,02/07/2018 19:42:56,22.71,1075.6,46.83
1584,02/07/2018 20:16:52,22.71,1075.8,46.82
1585,02/07/2018 20:49:37,22.59,1075.6,46.81
1586,02/07/2018 21:23:55,22.59,1075.7,46.81
1587,02/07/2018 21:57:34,22.59,1075.6,46.81
1588,02/07/2018 22:31:29,22.53,1075.6,46.80
1589,02/07/2018 23:07:37,22.34,1075.6,46.77
1590,02/07/2018 23:43:17,22.15,1075.6,46.74
1591,03/07/2018 00:19:37,22.07,1075.3,46.74
1592,03/07/2018 00:54:54,21.85,1074.9,46.72
1593,03/07/2018 01:30:13,21.72,1075.6,46.67
1594,03/07/2018 02:05:33,21.6,1074.7,46.69
1595,03/07/2018 02:41:25,21.48,1072,46.79
1596,03/07/2018 03:16:11,21.23,1072.2,46.74
1597,03/07/2018 03:51:10,21.11,1071.8,46.74
1598,03/07/2018 04:26:10,20.99,1071.7,46.73
1599,03/07/2018 05:00:20,20.86,1071.7,46.71
1600,03/07/2018 05:35:25,20.74,1071.7,46.69
1601,03/07/2018 06:10:26,20.61,1071.7,46.67
1602,03/07/2018 06:46:01,20.49,1071.6,46.65
1603,03/07/2018 07:21:30,20,1071.5,46.58
1604,03/07/2018 07:57:46,18.71,1067.7,46.54
1605,03/07/2018 08:33:56,18.02,1066.8,46.47
1606,03/07/2018 09:28:36,18.27,1067.2,46.49
1607,03/07/2018 10:05:27,18.27,1067.7,46.47
1608,03/07/2018 10:37:50,17.77,1067.5,46.40
1609,03/07/2018 11:10:08,17.77,1066.1,46.46
1610,03/07/2018 11:42:32,17.9,1065.4,46.51
1611,03/07/2018 12:14:02,17.9,1066.2,46.48
1612,03/07/2018 12:45:13,18.02,1067.1,46.46
1613,03/07/2018 13:16:25,18.02,1065.9,46.51
1614,03/07/2018 13:46:59,18.14,1067.3,46.47
1615,03/07/2018 14:17:48,17.91,1067.2,46.43
1616,03/07/2018 14:47:38,18.1,1067.3,46.46
1617,03/07/2018 15:17:44,17.9,1067,46.44
1618,03/07/2018 15:48:00,18.39,1067.7,46.49
1619,03/07/2018 16:17:56,18.51,1067.7,46.51
1620,03/07/2018 16:48:59,18.51,1067.7,46.51
1621,03/07/2018 17:19:13,18.41,1067.7,46.49
1622,03/07/2018 17:50:12,18.29,1067.7,46.47
1623,03/07/2018 18:20:36,18.16,1067.7,46.45
1624,03/07/2018 18:52:36,18.39,1067.7,46.49
1625,03/07/2018 19:25:55,18.39,1067.7,46.49
1626,03/07/2018 19:58:56,18.51,1067.7,46.51
1627,03/07/2018 20:33:10,18.39,1067.7,46.49
1628,03/07/2018 21:06:35,18.39,1067.7,46.49
1629,03/07/2018 21:39:11,18.27,1067.7,46.47
1630,03/07/2018 22:11:41,18.27,1067.7,46.47
1631,03/07/2018 22:46:38,18.27,1067.6,46.47
1632,03/07/2018 23:20:46,18.12,1067.7,46.44
1633,03/07/2018 23:55:40,17.9,1067.2,46.43
1634,04/07/2018 00:30:33,17.9,1065.9,46.49
1635,04/07/2018 01:06:27,17.77,1067.2,46.41
1636,04/07/2018 01:42:21,17.77,1063.7,46.56
1637,04/07/2018 02:16:52,17.65,1064.7,46.50
1638,04/07/2018 02:52:43,17.65,1064.2,46.52
1639,04/07/2018 03:28:27,17.53,1064.8,46.48
1640,04/07/2018 04:05:29,17.41,1063.7,46.51
1641,04/07/2018 04:42:34,17.4,1064,46.49
1642,04/07/2018 05:20:49,17.33,1063.9,46.48
1643,04/07/2018 06:00:50,17.28,1063.7,46.49
1644,04/07/2018 06:39:53,17.16,1063.7,46.47
1645,04/07/2018 07:19:47,16.91,1063.7,46.43
1646,04/07/2018 08:02:32,16.17,1063.7,46.31
1647,04/07/2018 08:43:04,16.11,1063,46.33
1648,04/07/2018 09:24:53,16.04,1062.2,46.35
1649,04/07/2018 10:06:24,16.29,1061.4,46.43
1650,04/07/2018 10:46:58,16.42,1062.7,46.39
1651,04/07/2018 11:29:09,16.4,1062.8,46.38
1652,04/07/2018 12:08:56,16.37,1063.7,46.34
1653,04/07/2018 12:49:32,16.29,1062.4,46.38
1654,04/07/2018 13:31:45,16.42,1063.3,46.36
1655,04/07/2018 14:12:24,16.53,1062,46.44
1656,04/07/2018 14:56:11,16.42,1063.1,46.37
1657,04/07/2018 15:58:42,16.41,1062.1,46.42
1658,04/07/2018 16:38:13,16.29,1063.2,46.35
1659,04/07/2018 17:18:44,16.29,1062.6,46.37
1660,04/07/2018 17:57:57,16.17,1062.5,46.36
1661,04/07/2018 18:36:29,16.54,1062.1,46.44
1662,04/07/2018 19:15:24,16.91,1063.7,46.43
1663,04/07/2018 19:53:55,17.03,1063.7,46.45
1664,04/07/2018 20:32:08,17.16,1064.2,46.44
1665,04/07/2018 21:10:25,17.28,1065.4,46.41
1666,04/07/2018 21:49:26,17.28,1063.7,46.49
1667,04/07/2018 22:27:52,17.28,1064.3,46.46
1668,04/07/2018 23:06:52,17.28,1063.9,46.48
1669,04/07/2018 23:45:43,17.4,1064.4,46.47
1670,05/07/2018 00:23:43,17.28,1064.1,46.47
1671,05/07/2018 01:02:31,17.4,1064.1,46.49
1672,05/07/2018 01:41:52,17.28,1063.7,46.49
1673,05/07/2018 02:21:07,17.31,1064.4,46.46
1674,05/07/2018 02:59:39,17.53,1063.7,46.53
1675,05/07/2018 03:40:14,17.53,1064.5,46.49
1676,05/07/2018 04:20:22,17.4,1063.7,46.50
1677,05/07/2018 05:00:28,17.4,1063.9,46.50
1678,05/07/2018 05:41:36,17.28,1064.7,46.44
1679,05/07/2018 06:23:14,17.28,1063.7,46.49
1680,05/07/2018 07:05:04,17.4,1063.7,46.50
1681,05/07/2018 07:47:07,16.91,1063.7,46.43
1682,05/07/2018 08:29:23,16.83,1063.7,46.41
1683,05/07/2018 09:11:21,16.42,1063.5,46.36
1684,05/07/2018 09:55:00,16.57,1063.7,46.37
1685,05/07/2018 10:40:05,16.66,1063.7,46.39
1686,05/07/2018 11:20:35,16.77,1063.7,46.40
1687,05/07/2018 12:01:42,16.76,1063.7,46.40
1688,05/07/2018 12:44:56,16.79,1063.7,46.41
1689,05/07/2018 13:28:04,16.91,1063.7,46.43
1690,05/07/2018 14:10:47,17.16,1063.7,46.47
1691,05/07/2018 14:53:52,17.33,1063.7,46.49
1692,05/07/2018 15:37:54,17.4,1063.8,46.50
1693,05/07/2018 16:22:44,17.4,1063.9,46.50
1694,05/07/2018 17:07:35,17.28,1063.7,46.49
1695,05/07/2018 17:53:08,17.4,1063.7,46.50
1696,05/07/2018 18:39:08,17.63,1064,46.53
1697,05/07/2018 19:25:36,17.71,1065.5,46.48
1698,05/07/2018 20:11:51,17.82,1066.1,46.47
1699,05/07/2018 20:58:58,17.9,1065.6,46.50
1700,05/07/2018 21:46:06,17.78,1064.7,46.52
1701,05/07/2018 22:35:19,17.89,1065.9,46.49
1702,05/07/2018 23:23:56,17.77,1064.7,46.52
1703,06/07/2018 00:11:51,17.77,1064.8,46.52
1704,06/07/2018 01:02:20,17.89,1065.6,46.50
1705,06/07/2018 01:54:55,17.9,1066.4,46.47
1706,06/07/2018 02:43:29,18.02,1066.9,46.46
1707,06/07/2018 03:36:15,18.02,1067,46.46
1708,06/07/2018 04:27:27,18.02,1067.2,46.45
1709,06/07/2018 05:19:33,18.02,1065.4,46.53
1710,06/07/2018 06:11:43,18.02,1067.2,46.45
1711,06/07/2018 07:06:59,18.02,1066.9,46.46
1712,06/07/2018 08:01:15,18.15,1067.3,46.47
1713,06/07/2018 08:55:40,17.7,1065.5,46.47
1714,06/07/2018 09:52:39,17.65,1065.1,46.48
1715,06/07/2018 10:48:20,17.9,1065.3,46.51
1716,06/07/2018 11:42:08,17.3,1064,46.48
1717,06/07/2018 12:38:28,18,1065.5,46.52
1718,06/07/2018 13:33:12,17.9,1067.6,46.41
1719,06/07/2018 14:30:11,17.88,1065.6,46.50
1720,06/07/2018 15:27:09,18.15,1067.3,46.47
1721,06/07/2018 16:25:42,18.02,1067.2,46.45
1722,06/07/2018 17:11:51,18.24,1067.5,46.47
1723,06/07/2018 18:00:42,18.39,1067.7,46.49
1724,06/07/2018 18:59:53,18.64,1067.7,46.53
1725,06/07/2018 20:02:04,18.88,1068.1,46.55
1726,06/07/2018 21:03:58,18.88,1068.3,46.54
1727,06/07/2018 22:06:10,18.88,1067.7,46.57
1728,06/07/2018 23:10:06,18.88,1067.7,46.57
1729,07/07/2018 00:13:42,18.88,1067.7,46.57
1730,07/07/2018 01:18:33,18.88,1067.9,46.56
1731,07/07/2018 02:24:27,18.88,1067.7,46.57
1732,07/07/2018 03:31:49,18.88,1067.7,46.57
1733,07/07/2018 04:40:39,18.88,1067.8,46.56
1734,07/07/2018 05:49:42,18.84,1067.7,46.56
1735,07/07/2018 07:00:45,18.88,1067.8,46.56
1736,07/07/2018 08:21:36,18.88,1067.7,46.57
1737,07/07/2018 09:35:12,19.01,1067.7,46.59
1738,07/07/2018 10:58:52,19.28,1068.8,46.58
1739,07/07/2018 12:20:09,19.63,1071.2,46.53
1740,07/07/2018 13:52:44,20,1071.6,46.57
1741,07/07/2018 15:31:39,20.24,1071.7,46.61
1742,07/07/2018 17:16:09,20.49,1071.7,46.65
1743,07/07/2018 19:13:19,20.49,1071.7,46.65
1744,07/07/2018 21:20:34,20.72,1072.7,46.64
1745,07/07/2018 23:40:26,20.62,1072.4,46.64
1746,08/07/2018 02:08:19,20.6,1071.7,46.67
1747,08/07/2018 04:53:47,20.24,1071.7,46.61
1748,08/07/2018 08:01:46,19.75,1071.7,46.53
1749,08/07/2018 11:27:06,20,1071.7,46.57
1750,08/07/2018 14:53:12,20,1071.7,46.57
1751,08/07/2018 19:38:55,19.63,1071.6,46.52
1752,09/07/2018 01:44:23,19.26,1070.6,46.50
1753,09/07/2018 09:55:16,16.39,1060.1,46.50
1754,09/07/2018 17:19:24,18.15,1067.7,46.45
1755,11/07/2018 09:18:48,16.92,1063.3,46.44
1756,11/07/2018 09:24:29,16.79,1061.3,46.51
1757,12/07/2018 17:25:00,19.72,1073.7,46.44
1758,13/07/2018 17:04:44,20.12,1071.9,46.58
1759,13/07/2018 17:25:49,20.12,1074.8,46.45
1760,17/07/2018 13:52:22,20.74,1073.5,46.61
1761,18/07/2018 07:14:28,20.61,1072,46.65
1762,18/07/2018 08:45:47,20.85,1073.1,46.64
1763,18/07/2018 13:17:03,22.96,1079.5,46.70
1764,18/07/2018 13:42:45,23.45,1079.6,46.77
1765,18/07/2018 15:33:27,24.54,1083.5,46.78
1766,20/07/2018 16:47:24,21.54,1075.6,46.65
1767,21/07/2018 17:30:51,21.11,1074.7,46.62
1768,21/07/2018 23:28:33,19.74,1071.4,46.54
1769,23/07/2018 02:36:28,19.26,1068.2,46.60
1770,23/07/2018 08:16:49,19.14,1068.5,46.57
1771,23/07/2018 16:32:43,19.75,1071.6,46.53
1772,25/07/2018 14:17:38,17.77,1066.8,46.43
1773,28/07/2018 14:48:05,19.75,1071.2,46.55
1774,28/07/2018 16:02:47,20.03,1071.7,46.57
1775,28/07/2018 16:18:49,20.21,1071.7,46.60
1776,28/07/2018 16:38:32,20.37,1071.7,46.63
1777,28/07/2018 16:45:46,20.37,1071.8,46.62
1778,30/07/2018 14:36:16,18.64,1067.7,46.53
1779,30/07/2018 17:22:21,19.13,1071.1,46.46
1780,31/07/2018 06:35:44,18.51,1067.7,46.51
1781,31/07/2018 18:25:41,19.26,1071.4,46.47
1782,01/08/2018 08:24:04,16.53,1063.6,46.37
1783,01/08/2018 13:50:18,16.96,1063.8,46.43
1784,01/08/2018 14:18:47,16.91,1063.7,46.43
1785,01/08/2018 14:34:36,16.91,1063.7,46.43
1786,01/08/2018 15:54:50,17.16,1063.9,46.46
1787,01/08/2018 17:30:29,18.33,1067.7,46.48
1788,02/08/2018 03:10:01,17.28,1064.1,46.47
1789,02/08/2018 10:32:14,16.42,1063.7,46.35
1790,02/08/2018 15:06:16,18.02,1067.7,46.43
1791,02/08/2018 15:51:17,18.1,1067.7,46.44
1792,02/08/2018 15:59:54,18.08,1067.7,46.44
1793,02/08/2018 20:27:54,18.88,1068.1,46.55
1794,03/08/2018 01:24:17,18.51,1067.7,46.51
1795,03/08/2018 05:46:36,18.02,1067.6,46.43
1796,03/08/2018 10:05:40,17.4,1065.7,46.42
1797,03/08/2018 12:35:07,18.15,1067.7,46.45
1798,03/08/2018 15:38:23,18.57,1067.9,46.51
1799,03/08/2018 16:01:40,18.76,1067.7,46.55
1800,03/08/2018 20:43:21,19.26,1069.5,46.55
1801,04/08/2018 01:02:20,19.14,1068.5,46.57
1802,04/08/2018 04:39:54,19.23,1070.4,46.50
1803,04/08/2018 08:36:58,19.26,1069.7,46.54
1804,04/08/2018 11:55:59,19.63,1071.7,46.51
1805,04/08/2018 14:49:22,20.61,1073.3,46.60
1806,04/08/2018 18:42:54,20.61,1074.3,46.55
1807,04/08/2018 22:31:25,20.12,1071.7,46.59
1808,05/08/2018 02:01:16,19.63,1071.7,46.51
1809,05/08/2018 05:15:04,19.2,1068.5,46.58
1810,05/08/2018 08:59:23,18.95,1068.5,46.54
1811,05/08/2018 12:04:04,19.13,1069.8,46.51
1812,05/08/2018 14:46:18,19.5,1071.5,46.50
1813,05/08/2018 17:50:47,20.12,1071.7,46.59
1814,05/08/2018 21:04:38,19.63,1071.6,46.52
1815,06/08/2018 00:13:30,19.23,1069.7,46.53
1816,06/08/2018 03:08:29,18.64,1068.4,46.50
1817,06/08/2018 06:15:05,18.27,1067.7,46.47
1818,06/08/2018 09:35:51,16.14,1063.5,46.31
1819,06/08/2018 12:24:20,17.4,1063.7,46.50
1820,06/08/2018 14:51:59,18.15,1067.7,46.45
1821,06/08/2018 17:27:08,20.75,1073.9,46.59
1822,06/08/2018 17:29:24,20.83,1074.8,46.57
1823,06/08/2018 20:59:02,19.26,1070.7,46.50
1824,06/08/2018 23:50:17,19.01,1070.4,46.47
1825,07/08/2018 02:29:48,18.51,1067.7,46.51
1826,07/08/2018 05:14:18,18.15,1067.3,46.47
1827,07/08/2018 08:23:10,17.16,1064.4,46.44
1828,07/08/2018 11:03:58,17.77,1067.1,46.42
1829,07/08/2018 13:26:38,19.14,1068.2,46.59
1830,07/08/2018 15:52:41,20,1071.7,46.57
1831,07/08/2018 18:41:43,20.38,1072.5,46.60
1832,07/08/2018 21:36:31,19.87,1071.7,46.55
1833,08/08/2018 00:29:15,19.63,1071.3,46.53
1834,08/08/2018 03:08:18,19.26,1070.3,46.51
1835,08/08/2018 06:09:28,19.13,1068.5,46.57
1836,08/08/2018 09:16:09,18.88,1067.8,46.56
1837,08/08/2018 12:33:29,18.95,1069.1,46.52
1838,08/08/2018 13:43:44,18.88,1068.6,46.53
1839,08/08/2018 13:44:31,18.88,1068.4,46.54
1840,08/08/2018 15:16:40,18.88,1068.6,46.53
1841,08/08/2018 18:29:48,19.08,1070.1,46.49
1842,08/08/2018 22:23:20,19.38,1070.8,46.51
1843,09/08/2018 01:59:47,19.13,1068.7,46.56
1844,09/08/2018 05:36:43,18.75,1067.8,46.54
1845,09/08/2018 09:26:59,17.16,1063.9,46.46
1846,09/08/2018 12:54:57,16.67,1064.5,46.35
1847,09/08/2018 15:26:50,18.27,1067.7,46.47
1848,09/08/2018 18:30:30,18.39,1067.7,46.49
1849,09/08/2018 21:54:26,18.15,1067.7,46.45
1850,10/08/2018 01:11:29,17.9,1066.7,46.45
1851,10/08/2018 04:28:25,17.53,1065.7,46.44
1852,10/08/2018 08:17:16,17.16,1064.1,46.45
1853,10/08/2018 10:34:06,17.03,1063.7,46.45
1854,10/08/2018 14:08:04,17.65,1066.2,46.44
1855,10/08/2018 15:07:36,17.77,1066.9,46.42
1856,10/08/2018 20:52:59,18.27,1067.7,46.47
1857,11/08/2018 01:01:55,18.15,1067.5,46.46
1858,11/08/2018 05:03:47,18.02,1067.6,46.43
1859,11/08/2018 09:42:35,18.02,1067.5,46.44
1860,11/08/2018 13:31:16,18.76,1068.1,46.53
1861,11/08/2018 17:12:15,18.91,1068.2,46.55
1862,11/08/2018 21:53:26,18.88,1068.5,46.53
1863,12/08/2018 01:21:42,18.76,1067.7,46.55
1864,12/08/2018 05:04:57,18.74,1067.7,46.54
1865,12/08/2018 09:43:05,19.13,1068.1,46.59
1866,12/08/2018 13:38:04,19.87,1071.7,46.55
1867,12/08/2018 14:11:25,20,1071.7,46.57
1868,12/08/2018 14:13:36,20,1071.6,46.57
1869,12/08/2018 17:45:10,21.6,1077,46.59
1870,12/08/2018 22:45:23,20.2,1071.7,46.60
1871,13/08/2018 03:13:11,20,1071.7,46.57
1872,13/08/2018 08:18:24,18.39,1067.7,46.49
1873,13/08/2018 09:13:09,18.64,1067.7,46.53
